year,week,week_start,week_end,rank,title,artist,album,like_cnt
2021,2021.08.30 ~ 2021.09.05,2021.08.30,2021.09.05,1,신호등,이무진,신호등,319012
2021,2021.08.30 ~ 2021.09.05,2021.08.30,2021.09.05,2,Next Level,aespa,Next Level,274213
2021,2021.08.30 ~ 2021.09.05,2021.08.30,2021.09.05,3,바라만 본다,MSG워너비(M.O.M),MSG워너비 1집,193864
2021,2021.08.30 ~ 2021.09.05,2021.08.30,2021.09.05,4,낙하 (with 아이유),AKMU (악뮤),NEXT EPISODE,199866
2021,2021.08.30 ~ 2021.09.05,2021.08.30,2021.09.05,5,Weekend,태연 (TAEYEON),Weekend,207699
2021,2021.08.30 ~ 2021.09.05,2021.08.30,2021.09.05,6,Queendom,Red Velvet (레드벨벳),Queendom - The 6th Mini Album,125291
2021,2021.08.30 ~ 2021.09.05,2021.08.30,2021.09.05,7,OHAYO MY NIGHT,디핵 (D-Hack),OHAYO MY NIGHT,244795
2021,2021.08.30 ~ 2021.09.05,2021.08.30,2021.09.05,8,Permission to Dance,방탄소년단,Butter / Permission to Dance,232541
2021,2021.08.30 ~ 2021.09.05,2021.08.30,2021.09.05,9,DUMB DUMB,전소미,DUMB DUMB,106217
2021,2021.08.30 ~ 2021.09.05,2021.08.30,2021.09.05,10,Butter,방탄소년단,Butter,301147
2021,2021.08.30 ~ 2021.09.05,2021.08.30,2021.09.05,11,좋아좋아,조정석,슬기로운 의사생활 시즌2 OST Part 5,99239
2021,2021.08.30 ~ 2021.09.05,2021.08.30,2021.09.05,12,헤픈 우연,헤이즈 (Heize),HAPPEN,212389
2021,2021.08.30 ~ 2021.09.05,2021.08.30,2021.09.05,13,비와 당신,이무진,슬기로운 의사생활 시즌2 OST Part 1,135670
2021,2021.08.30 ~ 2021.09.05,2021.08.30,2021.09.05,14,Dynamite,방탄소년단,Dynamite (DayTime Version),466623
2021,2021.08.30 ~ 2021.09.05,2021.08.30,2021.09.05,15,Dun Dun Dance,오마이걸 (OH MY GIRL),Dear OHMYGIRL,170936
2021,2021.08.30 ~ 2021.09.05,2021.08.30,2021.09.05,16,롤린 (Rollin'),브레이브걸스,Rollin',301506
2021,2021.08.30 ~ 2021.09.05,2021.08.30,2021.09.05,17,라일락,아이유,IU 5th Album 'LILAC',267734
2021,2021.08.30 ~ 2021.09.05,2021.08.30,2021.09.05,18,비가 오는 날엔 (2021),헤이즈 (Heize),비가 오는 날엔 (2021),95503
2021,2021.08.30 ~ 2021.09.05,2021.08.30,2021.09.05,19,다정히 내 이름을 부르면,경서예지,다정히 내 이름을 부르면 (경서예지 x 전건호),222941
2021,2021.08.30 ~ 2021.09.05,2021.08.30,2021.09.05,20,Celebrity,아이유,IU 5th Album 'LILAC',349279
2021,2021.08.30 ~ 2021.09.05,2021.08.30,2021.09.05,21,고백,멜로망스,세 번째 '고백',126190
2021,2021.08.30 ~ 2021.09.05,2021.08.30,2021.09.05,22,시간을 거슬러 (낮에 뜨는 달 X 케이윌),케이윌,시간을 거슬러 (낮에 뜨는 달 X 케이윌),79617
2021,2021.08.30 ~ 2021.09.05,2021.08.30,2021.09.05,23,ASAP,STAYC(스테이씨),STAYDOM,158510
2021,2021.08.30 ~ 2021.09.05,2021.08.30,2021.09.05,24,치맛바람 (Chi Mat Ba Ram),브레이브걸스,Summer Queen,96822
2021,2021.08.30 ~ 2021.09.05,2021.08.30,2021.09.05,25,하루만 더,빅마마,하루만 더,63601
2021,2021.08.30 ~ 2021.09.05,2021.08.30,2021.09.05,26,Alcohol-Free,TWICE (트와이스),Taste of Love,98012
2021,2021.08.30 ~ 2021.09.05,2021.08.30,2021.09.05,27,안녕 (Hello),조이 (JOY),안녕 (Hello) - Special Album,145782
2021,2021.08.30 ~ 2021.09.05,2021.08.30,2021.09.05,28,"사이렌 Remix (Feat. UNEDUCATED KID, Paul Blanco)",호미들,사이렌 Remix,185532
2021,2021.08.30 ~ 2021.09.05,2021.08.30,2021.09.05,29,운전만해 (We Ride),브레이브걸스,We Ride,137643
2021,2021.08.30 ~ 2021.09.05,2021.08.30,2021.09.05,30,가을 우체국 앞에서,김대명,슬기로운 의사생활 시즌2 OST Part 2,67766
2021,2021.08.30 ~ 2021.09.05,2021.08.30,2021.09.05,31,밝게 빛나는 별이 되어 비춰줄게,송이한,밝게 빛나는 별이 되어 비춰줄게,140247
2021,2021.08.30 ~ 2021.09.05,2021.08.30,2021.09.05,32,내 손을 잡아,아이유,최고의 사랑 OST Part.4,221716
2021,2021.08.30 ~ 2021.09.05,2021.08.30,2021.09.05,33,나를 아는 사람,MSG워너비(정상동기),MSG워너비 1집,70620
2021,2021.08.30 ~ 2021.09.05,2021.08.30,2021.09.05,34,여전히 아름다운지,세븐틴 (SEVENTEEN),슬기로운 의사생활 시즌2 OST Part 8,77160
2021,2021.08.30 ~ 2021.09.05,2021.08.30,2021.09.05,35,밤하늘의 별을(2020),경서,밤하늘의 별을(2020),244780
2021,2021.08.30 ~ 2021.09.05,2021.08.30,2021.09.05,36,멜로디,ASH ISLAND,멜로디,160417
2021,2021.08.30 ~ 2021.09.05,2021.08.30,2021.09.05,37,Timeless,SG 워너비,Sg Wanna Be+,137372
2021,2021.08.30 ~ 2021.09.05,2021.08.30,2021.09.05,38,상상더하기,라붐 (LABOUM),Fresh Adventure,138016
2021,2021.08.30 ~ 2021.09.05,2021.08.30,2021.09.05,39,Lovesick Girls,BLACKPINK,THE ALBUM,249606
2021,2021.08.30 ~ 2021.09.05,2021.08.30,2021.09.05,40,"어떻게 이별까지 사랑하겠어, 널 사랑하는 거지",AKMU (악뮤),항해,495320
2021,2021.08.30 ~ 2021.09.05,2021.08.30,2021.09.05,41,작은 것들을 위한 시 (Boy With Luv) (Feat. Halsey),방탄소년단,MAP OF THE SOUL : PERSONA,416020
2021,2021.08.30 ~ 2021.09.05,2021.08.30,2021.09.05,42,아로하,조정석,슬기로운 의사생활 OST Part 3,265972
2021,2021.08.30 ~ 2021.09.05,2021.08.30,2021.09.05,43,추억은 만남보다 이별에 남아,정동하,추억은 만남보다 이별에 남아,121189
2021,2021.08.30 ~ 2021.09.05,2021.08.30,2021.09.05,44,비 오는 날 듣기 좋은 노래 (Feat. Colde),에픽하이 (EPIK HIGH),비 오는 날 듣기 좋은 노래,132062
2021,2021.08.30 ~ 2021.09.05,2021.08.30,2021.09.05,45,이제 나만 믿어요,임영웅,내일은 미스터트롯 우승자 특전곡,182690
2021,2021.08.30 ~ 2021.09.05,2021.08.30,2021.09.05,46,Blueming,아이유,Love poem,369737
2021,2021.08.30 ~ 2021.09.05,2021.08.30,2021.09.05,47,어푸 (Ah puh),아이유,IU 5th Album 'LILAC',142443
2021,2021.08.30 ~ 2021.09.05,2021.08.30,2021.09.05,48,잠이 오질 않네요,장범준,잠이 오질 않네요,174989
2021,2021.08.30 ~ 2021.09.05,2021.08.30,2021.09.05,49,봄날,방탄소년단,YOU NEVER WALK ALONE,509785
2021,2021.08.30 ~ 2021.09.05,2021.08.30,2021.09.05,50,상상더하기,"MSG워너비 TOP 8 (별루지, 김정수, 강창모, 정기석, 이동휘, 이상이, 박재정, 원슈타인)",MSG워너비 TOP 8 경연곡,65602
2021,2021.08.30 ~ 2021.09.05,2021.08.30,2021.09.05,51,취기를 빌려 (취향저격 그녀 X 산들),산들,취기를 빌려 (취향저격 그녀 X 산들),261046
2021,2021.08.30 ~ 2021.09.05,2021.08.30,2021.09.05,52,에잇(Prod.&Feat. SUGA of BTS),아이유,에잇,397029
2021,2021.08.30 ~ 2021.09.05,2021.08.30,2021.09.05,53,Dolphin,오마이걸 (OH MY GIRL),NONSTOP,206777
2021,2021.08.30 ~ 2021.09.05,2021.08.30,2021.09.05,54,그날에 나는 맘이 편했을까,이예준,그날에 나는 맘이 편했을까,106592
2021,2021.08.30 ~ 2021.09.05,2021.08.30,2021.09.05,55,"모든 날, 모든 순간 (Every day, Every Moment)",폴킴,'키스 먼저 할까요?' OST Part.3,438240
2021,2021.08.30 ~ 2021.09.05,2021.08.30,2021.09.05,56,흔들리는 꽃들 속에서 네 샴푸향이 느껴진거야,장범준,멜로가 체질 OST Part 3,320118
2021,2021.08.30 ~ 2021.09.05,2021.08.30,2021.09.05,57,Life Goes On,방탄소년단,BE,245658
2021,2021.08.30 ~ 2021.09.05,2021.08.30,2021.09.05,58,METEOR,창모 (CHANGMO),Boyhood,312715
2021,2021.08.30 ~ 2021.09.05,2021.08.30,2021.09.05,59,이젠 잊기로 해요 (Drama Ver.),미도와 파라솔,슬기로운 의사생활 시즌2 OST Special,42391
2021,2021.08.30 ~ 2021.09.05,2021.08.30,2021.09.05,60,고백,10CM,두 번째 '고백',70336
2021,2021.08.30 ~ 2021.09.05,2021.08.30,2021.09.05,61,"LOVE DAY (2021) (바른연애 길잡이 X 양요섭, 정은지)",양요섭,"LOVE DAY (2021) (바른연애 길잡이 X 양요섭, 정은지)",134401
2021,2021.08.30 ~ 2021.09.05,2021.08.30,2021.09.05,62,라라라,SG 워너비,My Friend,100974
2021,2021.08.30 ~ 2021.09.05,2021.08.30,2021.09.05,63,오래된 노래,스탠딩 에그,오래된 노래,291350
2021,2021.08.30 ~ 2021.09.05,2021.08.30,2021.09.05,64,가까운 듯 먼 그대여,카더가든,가까운 듯 먼 그대여,148323
2021,2021.08.30 ~ 2021.09.05,2021.08.30,2021.09.05,65,슈퍼스타,미도와 파라솔,슬기로운 의사생활 시즌2 OST Part 6,54557
2021,2021.08.30 ~ 2021.09.05,2021.08.30,2021.09.05,66,너의 번호를 누르고 (Prod. 영화처럼),#안녕,너의 번호를 누르고,156309
2021,2021.08.30 ~ 2021.09.05,2021.08.30,2021.09.05,67,나랑 같이 걸을래 (바른연애 길잡이 X 적재),적재,나랑 같이 걸을래 (바른연애 길잡이 X 적재),166872
2021,2021.08.30 ~ 2021.09.05,2021.08.30,2021.09.05,68,VVS (Feat. JUSTHIS) (Prod. GroovyRoom),미란이 (MIRANI),쇼미더머니 9 Episode 1,222711
2021,2021.08.30 ~ 2021.09.05,2021.08.30,2021.09.05,69,오늘도 빛나는 너에게 (To You My Light) (Feat.이라온),마크툽 (MAKTUB),Red Moon : To You My Light,294524
2021,2021.08.30 ~ 2021.09.05,2021.08.30,2021.09.05,70,어떻게 지내 (Prod. By VAN.C),오반(OVAN),어떻게 지내,227390
2021,2021.08.30 ~ 2021.09.05,2021.08.30,2021.09.05,71,허리춤,오반(OVAN),허리춤,57070
2021,2021.08.30 ~ 2021.09.05,2021.08.30,2021.09.05,72,사실 나는 (Feat.전건호),경서예지,사실 나는,106922
2021,2021.08.30 ~ 2021.09.05,2021.08.30,2021.09.05,73,Coin,아이유,IU 5th Album 'LILAC',125201
2021,2021.08.30 ~ 2021.09.05,2021.08.30,2021.09.05,74,고백,장범준,첫 번째 '고백',58538
2021,2021.08.30 ~ 2021.09.05,2021.08.30,2021.09.05,75,회상,정경호,슬기로운 의사생활 시즌2 OST Part 9,26697
2021,2021.08.30 ~ 2021.09.05,2021.08.30,2021.09.05,76,담아 갈게,이무진,담아 갈게,21721
2021,2021.08.30 ~ 2021.09.05,2021.08.30,2021.09.05,77,넌 좋은 사람,SG 워너비,넌 좋은 사람,35675
2021,2021.08.30 ~ 2021.09.05,2021.08.30,2021.09.05,78,On The Ground,로제 (ROSÉ),R,174761
2021,2021.08.30 ~ 2021.09.05,2021.08.30,2021.09.05,79,사진을 보다가,다비치,사진을 보다가 (REVIBE Vol.2),14080
2021,2021.08.30 ~ 2021.09.05,2021.08.30,2021.09.05,80,나는 너 좋아,장범준,슬기로운 의사생활 시즌2 OST Part 3,23215
2021,2021.08.30 ~ 2021.09.05,2021.08.30,2021.09.05,81,내사람,SG 워너비,The Precious History,80016
2021,2021.08.30 ~ 2021.09.05,2021.08.30,2021.09.05,82,살짝 설렜어 (Nonstop),오마이걸 (OH MY GIRL),NONSTOP,193560
2021,2021.08.30 ~ 2021.09.05,2021.08.30,2021.09.05,83,늦은 밤 너의 집 앞 골목길에서,노을,늦은 밤 너의 집 앞 골목길에서,227384
2021,2021.08.30 ~ 2021.09.05,2021.08.30,2021.09.05,84,오늘은 가지마 (2021),환희,오늘은 가지마 (2021),10580
2021,2021.08.30 ~ 2021.09.05,2021.08.30,2021.09.05,85,How You Like That,BLACKPINK,How You Like That,206256
2021,2021.08.30 ~ 2021.09.05,2021.08.30,2021.09.05,86,별빛 같은 나의 사랑아,임영웅,별빛 같은 나의 사랑아,82382
2021,2021.08.30 ~ 2021.09.05,2021.08.30,2021.09.05,87,제자리 걸음,V.O.S,제자리 걸음,14815
2021,2021.08.30 ~ 2021.09.05,2021.08.30,2021.09.05,88,마.피.아. In the morning,ITZY (있지),GUESS WHO,70371
2021,2021.08.30 ~ 2021.09.05,2021.08.30,2021.09.05,89,그대라는 사치,임영웅,사랑의 콜센타 PART62,45503
2021,2021.08.30 ~ 2021.09.05,2021.08.30,2021.09.05,90,마음을 드려요,아이유,사랑의 불시착 OST Part 11,265833
2021,2021.08.30 ~ 2021.09.05,2021.08.30,2021.09.05,91,벌써 일년 (Drama Ver.),미도와 파라솔,슬기로운 의사생활 시즌2 OST Special,24607
2021,2021.08.30 ~ 2021.09.05,2021.08.30,2021.09.05,92,HERO,임영웅,HERO,78168
2021,2021.08.30 ~ 2021.09.05,2021.08.30,2021.09.05,93,ONLY,이하이,4 ONLY,100463
2021,2021.08.30 ~ 2021.09.05,2021.08.30,2021.09.05,94,다시 사랑한다면 (김필 Ver.),임영웅,사랑의 콜센타 PART56,54152
2021,2021.08.30 ~ 2021.09.05,2021.08.30,2021.09.05,95,이 밤을 빌려 말해요 (바른연애 길잡이 X 10CM),10CM,이 밤을 빌려 말해요 (바른연애 길잡이 X 10CM),117730
2021,2021.08.30 ~ 2021.09.05,2021.08.30,2021.09.05,96,별이 빛나는 밤에,규현 (KYUHYUN),별이 빛나는 밤에 (REVIBE Vol.3),11255
2021,2021.08.30 ~ 2021.09.05,2021.08.30,2021.09.05,97,힘든 건 사랑이 아니다,임창정,힘든 건 사랑이 아니다,116535
2021,2021.08.30 ~ 2021.09.05,2021.08.30,2021.09.05,98,너에게,유연석,슬기로운 의사생활 시즌2 OST Part 7,23764
2021,2021.08.30 ~ 2021.09.05,2021.08.30,2021.09.05,99,도망가자 (Run With Me),선우정아,Serenade,190767
2021,2021.08.30 ~ 2021.09.05,2021.08.30,2021.09.05,100,끝사랑,임영웅,사랑의 콜센타 PART61,41542
2021,2021.09.06 ~ 2021.09.12,2021.09.06,2021.09.12,1,신호등,이무진,신호등,319012
2021,2021.09.06 ~ 2021.09.12,2021.09.06,2021.09.12,2,Next Level,aespa,Next Level,274213
2021,2021.09.06 ~ 2021.09.12,2021.09.06,2021.09.12,3,바라만 본다,MSG워너비(M.O.M),MSG워너비 1집,193864
2021,2021.09.06 ~ 2021.09.12,2021.09.06,2021.09.12,4,Weekend,태연 (TAEYEON),Weekend,207699
2021,2021.09.06 ~ 2021.09.12,2021.09.06,2021.09.12,5,OHAYO MY NIGHT,디핵 (D-Hack),OHAYO MY NIGHT,244795
2021,2021.09.06 ~ 2021.09.12,2021.09.06,2021.09.12,6,낙하 (with 아이유),AKMU (악뮤),NEXT EPISODE,199866
2021,2021.09.06 ~ 2021.09.12,2021.09.06,2021.09.12,7,Queendom,Red Velvet (레드벨벳),Queendom - The 6th Mini Album,125291
2021,2021.09.06 ~ 2021.09.12,2021.09.06,2021.09.12,8,Permission to Dance,방탄소년단,Butter / Permission to Dance,232541
2021,2021.09.06 ~ 2021.09.12,2021.09.06,2021.09.12,9,DUMB DUMB,전소미,DUMB DUMB,106217
2021,2021.09.06 ~ 2021.09.12,2021.09.06,2021.09.12,10,Butter,방탄소년단,Butter,301147
2021,2021.09.06 ~ 2021.09.12,2021.09.06,2021.09.12,11,좋아좋아,조정석,슬기로운 의사생활 시즌2 OST Part 5,99239
2021,2021.09.06 ~ 2021.09.12,2021.09.06,2021.09.12,12,헤픈 우연,헤이즈 (Heize),HAPPEN,212389
2021,2021.09.06 ~ 2021.09.12,2021.09.06,2021.09.12,13,비와 당신,이무진,슬기로운 의사생활 시즌2 OST Part 1,135670
2021,2021.09.06 ~ 2021.09.12,2021.09.06,2021.09.12,14,시간을 거슬러 (낮에 뜨는 달 X 케이윌),케이윌,시간을 거슬러 (낮에 뜨는 달 X 케이윌),79617
2021,2021.09.06 ~ 2021.09.12,2021.09.06,2021.09.12,15,Dynamite,방탄소년단,Dynamite (DayTime Version),466623
2021,2021.09.06 ~ 2021.09.12,2021.09.06,2021.09.12,16,다정히 내 이름을 부르면,경서예지,다정히 내 이름을 부르면 (경서예지 x 전건호),222941
2021,2021.09.06 ~ 2021.09.12,2021.09.06,2021.09.12,17,Dun Dun Dance,오마이걸 (OH MY GIRL),Dear OHMYGIRL,170936
2021,2021.09.06 ~ 2021.09.12,2021.09.06,2021.09.12,18,롤린 (Rollin'),브레이브걸스,Rollin',301506
2021,2021.09.06 ~ 2021.09.12,2021.09.06,2021.09.12,19,라일락,아이유,IU 5th Album 'LILAC',267734
2021,2021.09.06 ~ 2021.09.12,2021.09.06,2021.09.12,20,비가 오는 날엔 (2021),헤이즈 (Heize),비가 오는 날엔 (2021),95503
2021,2021.09.06 ~ 2021.09.12,2021.09.06,2021.09.12,21,Celebrity,아이유,IU 5th Album 'LILAC',349279
2021,2021.09.06 ~ 2021.09.12,2021.09.06,2021.09.12,22,ASAP,STAYC(스테이씨),STAYDOM,158510
2021,2021.09.06 ~ 2021.09.12,2021.09.06,2021.09.12,23,하루만 더,빅마마,하루만 더,63601
2021,2021.09.06 ~ 2021.09.12,2021.09.06,2021.09.12,24,고백,멜로망스,세 번째 '고백',126190
2021,2021.09.06 ~ 2021.09.12,2021.09.06,2021.09.12,25,"사이렌 Remix (Feat. UNEDUCATED KID, Paul Blanco)",호미들,사이렌 Remix,185532
2021,2021.09.06 ~ 2021.09.12,2021.09.06,2021.09.12,26,치맛바람 (Chi Mat Ba Ram),브레이브걸스,Summer Queen,96822
2021,2021.09.06 ~ 2021.09.12,2021.09.06,2021.09.12,27,Alcohol-Free,TWICE (트와이스),Taste of Love,98012
2021,2021.09.06 ~ 2021.09.12,2021.09.06,2021.09.12,28,안녕 (Hello),조이 (JOY),안녕 (Hello) - Special Album,145782
2021,2021.09.06 ~ 2021.09.12,2021.09.06,2021.09.12,29,색안경 (STEREOTYPE),STAYC(스테이씨),STEREOTYPE,85822
2021,2021.09.06 ~ 2021.09.12,2021.09.06,2021.09.12,30,밝게 빛나는 별이 되어 비춰줄게,송이한,밝게 빛나는 별이 되어 비춰줄게,140247
2021,2021.09.06 ~ 2021.09.12,2021.09.06,2021.09.12,31,가을 우체국 앞에서,김대명,슬기로운 의사생활 시즌2 OST Part 2,67766
2021,2021.09.06 ~ 2021.09.12,2021.09.06,2021.09.12,32,내 손을 잡아,아이유,최고의 사랑 OST Part.4,221716
2021,2021.09.06 ~ 2021.09.12,2021.09.06,2021.09.12,33,운전만해 (We Ride),브레이브걸스,We Ride,137643
2021,2021.09.06 ~ 2021.09.12,2021.09.06,2021.09.12,34,밤하늘의 별을(2020),경서,밤하늘의 별을(2020),244780
2021,2021.09.06 ~ 2021.09.12,2021.09.06,2021.09.12,35,멜로디,ASH ISLAND,멜로디,160417
2021,2021.09.06 ~ 2021.09.12,2021.09.06,2021.09.12,36,Lovesick Girls,BLACKPINK,THE ALBUM,249606
2021,2021.09.06 ~ 2021.09.12,2021.09.06,2021.09.12,37,Timeless,SG 워너비,Sg Wanna Be+,137372
2021,2021.09.06 ~ 2021.09.12,2021.09.06,2021.09.12,38,나를 아는 사람,MSG워너비(정상동기),MSG워너비 1집,70620
2021,2021.09.06 ~ 2021.09.12,2021.09.06,2021.09.12,39,"어떻게 이별까지 사랑하겠어, 널 사랑하는 거지",AKMU (악뮤),항해,495320
2021,2021.09.06 ~ 2021.09.12,2021.09.06,2021.09.12,40,상상더하기,라붐 (LABOUM),Fresh Adventure,138016
2021,2021.09.06 ~ 2021.09.12,2021.09.06,2021.09.12,41,여전히 아름다운지,세븐틴 (SEVENTEEN),슬기로운 의사생활 시즌2 OST Part 8,77160
2021,2021.09.06 ~ 2021.09.12,2021.09.06,2021.09.12,42,작은 것들을 위한 시 (Boy With Luv) (Feat. Halsey),방탄소년단,MAP OF THE SOUL : PERSONA,416020
2021,2021.09.06 ~ 2021.09.12,2021.09.06,2021.09.12,43,추억은 만남보다 이별에 남아,정동하,추억은 만남보다 이별에 남아,121189
2021,2021.09.06 ~ 2021.09.12,2021.09.06,2021.09.12,44,이제 나만 믿어요,임영웅,내일은 미스터트롯 우승자 특전곡,182690
2021,2021.09.06 ~ 2021.09.12,2021.09.06,2021.09.12,45,아로하,조정석,슬기로운 의사생활 OST Part 3,265972
2021,2021.09.06 ~ 2021.09.12,2021.09.06,2021.09.12,46,Blueming,아이유,Love poem,369737
2021,2021.09.06 ~ 2021.09.12,2021.09.06,2021.09.12,47,잠이 오질 않네요,장범준,잠이 오질 않네요,174989
2021,2021.09.06 ~ 2021.09.12,2021.09.06,2021.09.12,48,비 오는 날 듣기 좋은 노래 (Feat. Colde),에픽하이 (EPIK HIGH),비 오는 날 듣기 좋은 노래,132062
2021,2021.09.06 ~ 2021.09.12,2021.09.06,2021.09.12,49,"모든 날, 모든 순간 (Every day, Every Moment)",폴킴,'키스 먼저 할까요?' OST Part.3,438240
2021,2021.09.06 ~ 2021.09.12,2021.09.06,2021.09.12,50,취기를 빌려 (취향저격 그녀 X 산들),산들,취기를 빌려 (취향저격 그녀 X 산들),261046
2021,2021.09.06 ~ 2021.09.12,2021.09.06,2021.09.12,51,어푸 (Ah puh),아이유,IU 5th Album 'LILAC',142443
2021,2021.09.06 ~ 2021.09.12,2021.09.06,2021.09.12,52,에잇(Prod.&Feat. SUGA of BTS),아이유,에잇,397029
2021,2021.09.06 ~ 2021.09.12,2021.09.06,2021.09.12,53,봄날,방탄소년단,YOU NEVER WALK ALONE,509785
2021,2021.09.06 ~ 2021.09.12,2021.09.06,2021.09.12,54,그날에 나는 맘이 편했을까,이예준,그날에 나는 맘이 편했을까,106592
2021,2021.09.06 ~ 2021.09.12,2021.09.06,2021.09.12,55,흔들리는 꽃들 속에서 네 샴푸향이 느껴진거야,장범준,멜로가 체질 OST Part 3,320118
2021,2021.09.06 ~ 2021.09.12,2021.09.06,2021.09.12,56,Dolphin,오마이걸 (OH MY GIRL),NONSTOP,206777
2021,2021.09.06 ~ 2021.09.12,2021.09.06,2021.09.12,57,오래된 노래,스탠딩 에그,오래된 노래,291350
2021,2021.09.06 ~ 2021.09.12,2021.09.06,2021.09.12,58,상상더하기,"MSG워너비 TOP 8 (별루지, 김정수, 강창모, 정기석, 이동휘, 이상이, 박재정, 원슈타인)",MSG워너비 TOP 8 경연곡,65602
2021,2021.09.06 ~ 2021.09.12,2021.09.06,2021.09.12,59,METEOR,창모 (CHANGMO),Boyhood,312715
2021,2021.09.06 ~ 2021.09.12,2021.09.06,2021.09.12,60,고백,10CM,두 번째 '고백',70336
2021,2021.09.06 ~ 2021.09.12,2021.09.06,2021.09.12,61,Life Goes On,방탄소년단,BE,245658
2021,2021.09.06 ~ 2021.09.12,2021.09.06,2021.09.12,62,"LOVE DAY (2021) (바른연애 길잡이 X 양요섭, 정은지)",양요섭,"LOVE DAY (2021) (바른연애 길잡이 X 양요섭, 정은지)",134401
2021,2021.09.06 ~ 2021.09.12,2021.09.06,2021.09.12,63,이젠 잊기로 해요 (Drama Ver.),미도와 파라솔,슬기로운 의사생활 시즌2 OST Special,42391
2021,2021.09.06 ~ 2021.09.12,2021.09.06,2021.09.12,64,너의 번호를 누르고 (Prod. 영화처럼),#안녕,너의 번호를 누르고,156309
2021,2021.09.06 ~ 2021.09.12,2021.09.06,2021.09.12,65,가까운 듯 먼 그대여,카더가든,가까운 듯 먼 그대여,148323
2021,2021.09.06 ~ 2021.09.12,2021.09.06,2021.09.12,66,나랑 같이 걸을래 (바른연애 길잡이 X 적재),적재,나랑 같이 걸을래 (바른연애 길잡이 X 적재),166872
2021,2021.09.06 ~ 2021.09.12,2021.09.06,2021.09.12,67,오늘도 빛나는 너에게 (To You My Light) (Feat.이라온),마크툽 (MAKTUB),Red Moon : To You My Light,294524
2021,2021.09.06 ~ 2021.09.12,2021.09.06,2021.09.12,68,라라라,SG 워너비,My Friend,100974
2021,2021.09.06 ~ 2021.09.12,2021.09.06,2021.09.12,69,사실 나는 (Feat.전건호),경서예지,사실 나는,106922
2021,2021.09.06 ~ 2021.09.12,2021.09.06,2021.09.12,70,VVS (Feat. JUSTHIS) (Prod. GroovyRoom),미란이 (MIRANI),쇼미더머니 9 Episode 1,222711
2021,2021.09.06 ~ 2021.09.12,2021.09.06,2021.09.12,71,어떻게 지내 (Prod. By VAN.C),오반(OVAN),어떻게 지내,227390
2021,2021.09.06 ~ 2021.09.12,2021.09.06,2021.09.12,72,슈퍼스타,미도와 파라솔,슬기로운 의사생활 시즌2 OST Part 6,54557
2021,2021.09.06 ~ 2021.09.12,2021.09.06,2021.09.12,73,허리춤,오반(OVAN),허리춤,57070
2021,2021.09.06 ~ 2021.09.12,2021.09.06,2021.09.12,74,고백,장범준,첫 번째 '고백',58538
2021,2021.09.06 ~ 2021.09.12,2021.09.06,2021.09.12,75,Coin,아이유,IU 5th Album 'LILAC',125201
2021,2021.09.06 ~ 2021.09.12,2021.09.06,2021.09.12,76,오늘은 가지마 (2021),환희,오늘은 가지마 (2021),10580
2021,2021.09.06 ~ 2021.09.12,2021.09.06,2021.09.12,77,회상,정경호,슬기로운 의사생활 시즌2 OST Part 9,26697
2021,2021.09.06 ~ 2021.09.12,2021.09.06,2021.09.12,78,On The Ground,로제 (ROSÉ),R,174761
2021,2021.09.06 ~ 2021.09.12,2021.09.06,2021.09.12,79,넌 좋은 사람,SG 워너비,넌 좋은 사람,35675
2021,2021.09.06 ~ 2021.09.12,2021.09.06,2021.09.12,80,사진을 보다가,다비치,사진을 보다가 (REVIBE Vol.2),14080
2021,2021.09.06 ~ 2021.09.12,2021.09.06,2021.09.12,81,별빛 같은 나의 사랑아,임영웅,별빛 같은 나의 사랑아,82382
2021,2021.09.06 ~ 2021.09.12,2021.09.06,2021.09.12,82,늦은 밤 너의 집 앞 골목길에서,노을,늦은 밤 너의 집 앞 골목길에서,227384
2021,2021.09.06 ~ 2021.09.12,2021.09.06,2021.09.12,83,그대라는 사치,임영웅,사랑의 콜센타 PART62,45503
2021,2021.09.06 ~ 2021.09.12,2021.09.06,2021.09.12,84,내사람,SG 워너비,The Precious History,80016
2021,2021.09.06 ~ 2021.09.12,2021.09.06,2021.09.12,85,살짝 설렜어 (Nonstop),오마이걸 (OH MY GIRL),NONSTOP,193560
2021,2021.09.06 ~ 2021.09.12,2021.09.06,2021.09.12,86,How You Like That,BLACKPINK,How You Like That,206256
2021,2021.09.06 ~ 2021.09.12,2021.09.06,2021.09.12,87,빨간 립스틱 (Feat. 윤미래),이하이,4 ONLY,32825
2021,2021.09.06 ~ 2021.09.12,2021.09.06,2021.09.12,88,담아 갈게,이무진,담아 갈게,21721
2021,2021.09.06 ~ 2021.09.12,2021.09.06,2021.09.12,89,HERO,임영웅,HERO,78168
2021,2021.09.06 ~ 2021.09.12,2021.09.06,2021.09.12,90,다시 사랑한다면 (김필 Ver.),임영웅,사랑의 콜센타 PART56,54152
2021,2021.09.06 ~ 2021.09.12,2021.09.06,2021.09.12,91,산책,백예린 (Yerin Baek),선물,129815
2021,2021.09.06 ~ 2021.09.12,2021.09.06,2021.09.12,92,나는 너 좋아,장범준,슬기로운 의사생활 시즌2 OST Part 3,23215
2021,2021.09.06 ~ 2021.09.12,2021.09.06,2021.09.12,93,마음을 드려요,아이유,사랑의 불시착 OST Part 11,265833
2021,2021.09.06 ~ 2021.09.12,2021.09.06,2021.09.12,94,마.피.아. In the morning,ITZY (있지),GUESS WHO,70371
2021,2021.09.06 ~ 2021.09.12,2021.09.06,2021.09.12,95,끝사랑,임영웅,사랑의 콜센타 PART61,41542
2021,2021.09.06 ~ 2021.09.12,2021.09.06,2021.09.12,96,잊었니,임영웅,사랑의 콜센타 PART60,44710
2021,2021.09.06 ~ 2021.09.12,2021.09.06,2021.09.12,97,벌써 일년 (Drama Ver.),미도와 파라솔,슬기로운 의사생활 시즌2 OST Special,24607
2021,2021.09.06 ~ 2021.09.12,2021.09.06,2021.09.12,98,도망가자 (Run With Me),선우정아,Serenade,190767
2021,2021.09.06 ~ 2021.09.12,2021.09.06,2021.09.12,99,이 밤을 빌려 말해요 (바른연애 길잡이 X 10CM),10CM,이 밤을 빌려 말해요 (바른연애 길잡이 X 10CM),117730
2021,2021.09.06 ~ 2021.09.12,2021.09.06,2021.09.12,100,Bk Love,임영웅,뽕숭아학당 PART23,38801
2021,2021.09.13 ~ 2021.09.19,2021.09.13,2021.09.19,1,신호등,이무진,신호등,319012
2021,2021.09.13 ~ 2021.09.19,2021.09.13,2021.09.19,2,Next Level,aespa,Next Level,274213
2021,2021.09.13 ~ 2021.09.19,2021.09.13,2021.09.19,3,바라만 본다,MSG워너비(M.O.M),MSG워너비 1집,193864
2021,2021.09.13 ~ 2021.09.19,2021.09.13,2021.09.19,4,OHAYO MY NIGHT,디핵 (D-Hack),OHAYO MY NIGHT,244795
2021,2021.09.13 ~ 2021.09.19,2021.09.13,2021.09.19,5,Weekend,태연 (TAEYEON),Weekend,207699
2021,2021.09.13 ~ 2021.09.19,2021.09.13,2021.09.19,6,낙하 (with 아이유),AKMU (악뮤),NEXT EPISODE,199866
2021,2021.09.13 ~ 2021.09.19,2021.09.13,2021.09.19,7,Permission to Dance,방탄소년단,Butter / Permission to Dance,232541
2021,2021.09.13 ~ 2021.09.19,2021.09.13,2021.09.19,8,Queendom,Red Velvet (레드벨벳),Queendom - The 6th Mini Album,125291
2021,2021.09.13 ~ 2021.09.19,2021.09.13,2021.09.19,9,좋아좋아,조정석,슬기로운 의사생활 시즌2 OST Part 5,99239
2021,2021.09.13 ~ 2021.09.19,2021.09.13,2021.09.19,10,DUMB DUMB,전소미,DUMB DUMB,106217
2021,2021.09.13 ~ 2021.09.19,2021.09.13,2021.09.19,11,Butter,방탄소년단,Butter,301147
2021,2021.09.13 ~ 2021.09.19,2021.09.13,2021.09.19,12,헤픈 우연,헤이즈 (Heize),HAPPEN,212389
2021,2021.09.13 ~ 2021.09.19,2021.09.13,2021.09.19,13,시간을 거슬러 (낮에 뜨는 달 X 케이윌),케이윌,시간을 거슬러 (낮에 뜨는 달 X 케이윌),79617
2021,2021.09.13 ~ 2021.09.19,2021.09.13,2021.09.19,14,다정히 내 이름을 부르면,경서예지,다정히 내 이름을 부르면 (경서예지 x 전건호),222941
2021,2021.09.13 ~ 2021.09.19,2021.09.13,2021.09.19,15,비와 당신,이무진,슬기로운 의사생활 시즌2 OST Part 1,135670
2021,2021.09.13 ~ 2021.09.19,2021.09.13,2021.09.19,16,Dynamite,방탄소년단,Dynamite (DayTime Version),466623
2021,2021.09.13 ~ 2021.09.19,2021.09.13,2021.09.19,17,가을 타나 봐,이무진,가을 타나 봐 (REVIBE Vol.4),63430
2021,2021.09.13 ~ 2021.09.19,2021.09.13,2021.09.19,18,Dun Dun Dance,오마이걸 (OH MY GIRL),Dear OHMYGIRL,170936
2021,2021.09.13 ~ 2021.09.19,2021.09.13,2021.09.19,19,롤린 (Rollin'),브레이브걸스,Rollin',301506
2021,2021.09.13 ~ 2021.09.19,2021.09.13,2021.09.19,20,라일락,아이유,IU 5th Album 'LILAC',267734
2021,2021.09.13 ~ 2021.09.19,2021.09.13,2021.09.19,21,Celebrity,아이유,IU 5th Album 'LILAC',349279
2021,2021.09.13 ~ 2021.09.19,2021.09.13,2021.09.19,22,ASAP,STAYC(스테이씨),STAYDOM,158510
2021,2021.09.13 ~ 2021.09.19,2021.09.13,2021.09.19,23,비가 오는 날엔 (2021),헤이즈 (Heize),비가 오는 날엔 (2021),95503
2021,2021.09.13 ~ 2021.09.19,2021.09.13,2021.09.19,24,고백,멜로망스,세 번째 '고백',126190
2021,2021.09.13 ~ 2021.09.19,2021.09.13,2021.09.19,25,"사이렌 Remix (Feat. UNEDUCATED KID, Paul Blanco)",호미들,사이렌 Remix,185532
2021,2021.09.13 ~ 2021.09.19,2021.09.13,2021.09.19,26,하루만 더,빅마마,하루만 더,63601
2021,2021.09.13 ~ 2021.09.19,2021.09.13,2021.09.19,27,가을 우체국 앞에서,김대명,슬기로운 의사생활 시즌2 OST Part 2,67766
2021,2021.09.13 ~ 2021.09.19,2021.09.13,2021.09.19,28,색안경 (STEREOTYPE),STAYC(스테이씨),STEREOTYPE,85822
2021,2021.09.13 ~ 2021.09.19,2021.09.13,2021.09.19,29,산책,백예린 (Yerin Baek),선물,129815
2021,2021.09.13 ~ 2021.09.19,2021.09.13,2021.09.19,30,치맛바람 (Chi Mat Ba Ram),브레이브걸스,Summer Queen,96822
2021,2021.09.13 ~ 2021.09.19,2021.09.13,2021.09.19,31,안녕 (Hello),조이 (JOY),안녕 (Hello) - Special Album,145782
2021,2021.09.13 ~ 2021.09.19,2021.09.13,2021.09.19,32,Alcohol-Free,TWICE (트와이스),Taste of Love,98012
2021,2021.09.13 ~ 2021.09.19,2021.09.13,2021.09.19,33,내 손을 잡아,아이유,최고의 사랑 OST Part.4,221716
2021,2021.09.13 ~ 2021.09.19,2021.09.13,2021.09.19,34,밝게 빛나는 별이 되어 비춰줄게,송이한,밝게 빛나는 별이 되어 비춰줄게,140247
2021,2021.09.13 ~ 2021.09.19,2021.09.13,2021.09.19,35,운전만해 (We Ride),브레이브걸스,We Ride,137643
2021,2021.09.13 ~ 2021.09.19,2021.09.13,2021.09.19,36,빨간 립스틱 (Feat. 윤미래),이하이,4 ONLY,32825
2021,2021.09.13 ~ 2021.09.19,2021.09.13,2021.09.19,37,밤하늘의 별을(2020),경서,밤하늘의 별을(2020),244780
2021,2021.09.13 ~ 2021.09.19,2021.09.13,2021.09.19,38,Lovesick Girls,BLACKPINK,THE ALBUM,249606
2021,2021.09.13 ~ 2021.09.19,2021.09.13,2021.09.19,39,멜로디,ASH ISLAND,멜로디,160417
2021,2021.09.13 ~ 2021.09.19,2021.09.13,2021.09.19,40,"어떻게 이별까지 사랑하겠어, 널 사랑하는 거지",AKMU (악뮤),항해,495320
2021,2021.09.13 ~ 2021.09.19,2021.09.13,2021.09.19,41,Timeless,SG 워너비,Sg Wanna Be+,137372
2021,2021.09.13 ~ 2021.09.19,2021.09.13,2021.09.19,42,추억은 만남보다 이별에 남아,정동하,추억은 만남보다 이별에 남아,121189
2021,2021.09.13 ~ 2021.09.19,2021.09.13,2021.09.19,43,상상더하기,라붐 (LABOUM),Fresh Adventure,138016
2021,2021.09.13 ~ 2021.09.19,2021.09.13,2021.09.19,44,이제 나만 믿어요,임영웅,내일은 미스터트롯 우승자 특전곡,182690
2021,2021.09.13 ~ 2021.09.19,2021.09.13,2021.09.19,45,아로하,조정석,슬기로운 의사생활 OST Part 3,265972
2021,2021.09.13 ~ 2021.09.19,2021.09.13,2021.09.19,46,작은 것들을 위한 시 (Boy With Luv) (Feat. Halsey),방탄소년단,MAP OF THE SOUL : PERSONA,416020
2021,2021.09.13 ~ 2021.09.19,2021.09.13,2021.09.19,47,여전히 아름다운지,세븐틴 (SEVENTEEN),슬기로운 의사생활 시즌2 OST Part 8,77160
2021,2021.09.13 ~ 2021.09.19,2021.09.13,2021.09.19,48,나를 아는 사람,MSG워너비(정상동기),MSG워너비 1집,70620
2021,2021.09.13 ~ 2021.09.19,2021.09.13,2021.09.19,49,Blueming,아이유,Love poem,369737
2021,2021.09.13 ~ 2021.09.19,2021.09.13,2021.09.19,50,잠이 오질 않네요,장범준,잠이 오질 않네요,174989
2021,2021.09.13 ~ 2021.09.19,2021.09.13,2021.09.19,51,"모든 날, 모든 순간 (Every day, Every Moment)",폴킴,'키스 먼저 할까요?' OST Part.3,438240
2021,2021.09.13 ~ 2021.09.19,2021.09.13,2021.09.19,52,취기를 빌려 (취향저격 그녀 X 산들),산들,취기를 빌려 (취향저격 그녀 X 산들),261046
2021,2021.09.13 ~ 2021.09.19,2021.09.13,2021.09.19,53,에잇(Prod.&Feat. SUGA of BTS),아이유,에잇,397029
2021,2021.09.13 ~ 2021.09.19,2021.09.13,2021.09.19,54,어푸 (Ah puh),아이유,IU 5th Album 'LILAC',142443
2021,2021.09.13 ~ 2021.09.19,2021.09.13,2021.09.19,55,흔들리는 꽃들 속에서 네 샴푸향이 느껴진거야,장범준,멜로가 체질 OST Part 3,320118
2021,2021.09.13 ~ 2021.09.19,2021.09.13,2021.09.19,56,봄날,방탄소년단,YOU NEVER WALK ALONE,509785
2021,2021.09.13 ~ 2021.09.19,2021.09.13,2021.09.19,57,그날에 나는 맘이 편했을까,이예준,그날에 나는 맘이 편했을까,106592
2021,2021.09.13 ~ 2021.09.19,2021.09.13,2021.09.19,58,이젠 잊기로 해요 (Drama Ver.),미도와 파라솔,슬기로운 의사생활 시즌2 OST Special,42391
2021,2021.09.13 ~ 2021.09.19,2021.09.13,2021.09.19,59,오래된 노래,스탠딩 에그,오래된 노래,291350
2021,2021.09.13 ~ 2021.09.19,2021.09.13,2021.09.19,60,METEOR,창모 (CHANGMO),Boyhood,312715
2021,2021.09.13 ~ 2021.09.19,2021.09.13,2021.09.19,61,비 오는 날 듣기 좋은 노래 (Feat. Colde),에픽하이 (EPIK HIGH),비 오는 날 듣기 좋은 노래,132062
2021,2021.09.13 ~ 2021.09.19,2021.09.13,2021.09.19,62,Dolphin,오마이걸 (OH MY GIRL),NONSTOP,206777
2021,2021.09.13 ~ 2021.09.19,2021.09.13,2021.09.19,63,고백,10CM,두 번째 '고백',70336
2021,2021.09.13 ~ 2021.09.19,2021.09.13,2021.09.19,64,Life Goes On,방탄소년단,BE,245658
2021,2021.09.13 ~ 2021.09.19,2021.09.13,2021.09.19,65,오늘도 빛나는 너에게 (To You My Light) (Feat.이라온),마크툽 (MAKTUB),Red Moon : To You My Light,294524
2021,2021.09.13 ~ 2021.09.19,2021.09.13,2021.09.19,66,"LOVE DAY (2021) (바른연애 길잡이 X 양요섭, 정은지)",양요섭,"LOVE DAY (2021) (바른연애 길잡이 X 양요섭, 정은지)",134401
2021,2021.09.13 ~ 2021.09.19,2021.09.13,2021.09.19,67,너의 번호를 누르고 (Prod. 영화처럼),#안녕,너의 번호를 누르고,156309
2021,2021.09.13 ~ 2021.09.19,2021.09.13,2021.09.19,68,상상더하기,"MSG워너비 TOP 8 (별루지, 김정수, 강창모, 정기석, 이동휘, 이상이, 박재정, 원슈타인)",MSG워너비 TOP 8 경연곡,65602
2021,2021.09.13 ~ 2021.09.19,2021.09.13,2021.09.19,69,나랑 같이 걸을래 (바른연애 길잡이 X 적재),적재,나랑 같이 걸을래 (바른연애 길잡이 X 적재),166872
2021,2021.09.13 ~ 2021.09.19,2021.09.13,2021.09.19,70,사실 나는 (Feat.전건호),경서예지,사실 나는,106922
2021,2021.09.13 ~ 2021.09.19,2021.09.13,2021.09.19,71,슈퍼스타,미도와 파라솔,슬기로운 의사생활 시즌2 OST Part 6,54557
2021,2021.09.13 ~ 2021.09.19,2021.09.13,2021.09.19,72,VVS (Feat. JUSTHIS) (Prod. GroovyRoom),미란이 (MIRANI),쇼미더머니 9 Episode 1,222711
2021,2021.09.13 ~ 2021.09.19,2021.09.13,2021.09.19,73,가까운 듯 먼 그대여,카더가든,가까운 듯 먼 그대여,148323
2021,2021.09.13 ~ 2021.09.19,2021.09.13,2021.09.19,74,라라라,SG 워너비,My Friend,100974
2021,2021.09.13 ~ 2021.09.19,2021.09.13,2021.09.19,75,어떻게 지내 (Prod. By VAN.C),오반(OVAN),어떻게 지내,227390
2021,2021.09.13 ~ 2021.09.19,2021.09.13,2021.09.19,76,고백,장범준,첫 번째 '고백',58538
2021,2021.09.13 ~ 2021.09.19,2021.09.13,2021.09.19,77,회상,정경호,슬기로운 의사생활 시즌2 OST Part 9,26697
2021,2021.09.13 ~ 2021.09.19,2021.09.13,2021.09.19,78,LALISA,리사 (LISA),LALISA,43522
2021,2021.09.13 ~ 2021.09.19,2021.09.13,2021.09.19,79,허리춤,오반(OVAN),허리춤,57070
2021,2021.09.13 ~ 2021.09.19,2021.09.13,2021.09.19,80,Coin,아이유,IU 5th Album 'LILAC',125201
2021,2021.09.13 ~ 2021.09.19,2021.09.13,2021.09.19,81,왜? 날,백예린 (Yerin Baek),선물,38147
2021,2021.09.13 ~ 2021.09.19,2021.09.13,2021.09.19,82,On The Ground,로제 (ROSÉ),R,174761
2021,2021.09.13 ~ 2021.09.19,2021.09.13,2021.09.19,83,Antifreeze,백예린 (Yerin Baek),선물,160301
2021,2021.09.13 ~ 2021.09.19,2021.09.13,2021.09.19,84,그대라는 사치,임영웅,사랑의 콜센타 PART62,45503
2021,2021.09.13 ~ 2021.09.19,2021.09.13,2021.09.19,85,별빛 같은 나의 사랑아,임영웅,별빛 같은 나의 사랑아,82382
2021,2021.09.13 ~ 2021.09.19,2021.09.13,2021.09.19,86,늦은 밤 너의 집 앞 골목길에서,노을,늦은 밤 너의 집 앞 골목길에서,227384
2021,2021.09.13 ~ 2021.09.19,2021.09.13,2021.09.19,87,다시 사랑한다면 (김필 Ver.),임영웅,사랑의 콜센타 PART56,54152
2021,2021.09.13 ~ 2021.09.19,2021.09.13,2021.09.19,88,넌 좋은 사람,SG 워너비,넌 좋은 사람,35675
2021,2021.09.13 ~ 2021.09.19,2021.09.13,2021.09.19,89,끝이라고 말할 것 같았어 (Too Late),황치열,끝이라고 말할 것 같았어,10770
2021,2021.09.13 ~ 2021.09.19,2021.09.13,2021.09.19,90,HERO,임영웅,HERO,78168
2021,2021.09.13 ~ 2021.09.19,2021.09.13,2021.09.19,91,그럴때마다,백예린 (Yerin Baek),선물,47417
2021,2021.09.13 ~ 2021.09.19,2021.09.13,2021.09.19,92,How You Like That,BLACKPINK,How You Like That,206256
2021,2021.09.13 ~ 2021.09.19,2021.09.13,2021.09.19,93,살짝 설렜어 (Nonstop),오마이걸 (OH MY GIRL),NONSTOP,193560
2021,2021.09.13 ~ 2021.09.19,2021.09.13,2021.09.19,94,내사람,SG 워너비,The Precious History,80016
2021,2021.09.13 ~ 2021.09.19,2021.09.13,2021.09.19,95,끝사랑,임영웅,사랑의 콜센타 PART61,41542
2021,2021.09.13 ~ 2021.09.19,2021.09.13,2021.09.19,96,오늘은 가지마 (2021),환희,오늘은 가지마 (2021),10580
2021,2021.09.13 ~ 2021.09.19,2021.09.13,2021.09.19,97,하늘을 달리다,HYNN (박혜원),슬기로운 의사생활 시즌2 OST Part 11,13313
2021,2021.09.13 ~ 2021.09.19,2021.09.13,2021.09.19,98,마음을 드려요,아이유,사랑의 불시착 OST Part 11,265833
2021,2021.09.13 ~ 2021.09.19,2021.09.13,2021.09.19,99,잊었니,임영웅,사랑의 콜센타 PART60,44710
2021,2021.09.13 ~ 2021.09.19,2021.09.13,2021.09.19,100,벌써 일년 (Drama Ver.),미도와 파라솔,슬기로운 의사생활 시즌2 OST Special,24607
2021,2021.09.20 ~ 2021.09.26,2021.09.20,2021.09.26,1,신호등,이무진,신호등,319012
2021,2021.09.20 ~ 2021.09.26,2021.09.20,2021.09.26,2,OHAYO MY NIGHT,디핵 (D-Hack),OHAYO MY NIGHT,244795
2021,2021.09.20 ~ 2021.09.26,2021.09.20,2021.09.26,3,Next Level,aespa,Next Level,274213
2021,2021.09.20 ~ 2021.09.26,2021.09.20,2021.09.26,4,바라만 본다,MSG워너비(M.O.M),MSG워너비 1집,193864
2021,2021.09.20 ~ 2021.09.26,2021.09.20,2021.09.26,5,Weekend,태연 (TAEYEON),Weekend,207699
2021,2021.09.20 ~ 2021.09.26,2021.09.20,2021.09.26,6,낙하 (with 아이유),AKMU (악뮤),NEXT EPISODE,199866
2021,2021.09.20 ~ 2021.09.26,2021.09.20,2021.09.26,7,Permission to Dance,방탄소년단,Butter / Permission to Dance,232541
2021,2021.09.20 ~ 2021.09.26,2021.09.20,2021.09.26,8,좋아좋아,조정석,슬기로운 의사생활 시즌2 OST Part 5,99239
2021,2021.09.20 ~ 2021.09.26,2021.09.20,2021.09.26,9,Butter,방탄소년단,Butter,301147
2021,2021.09.20 ~ 2021.09.26,2021.09.20,2021.09.26,10,DUMB DUMB,전소미,DUMB DUMB,106217
2021,2021.09.20 ~ 2021.09.26,2021.09.20,2021.09.26,11,Queendom,Red Velvet (레드벨벳),Queendom - The 6th Mini Album,125291
2021,2021.09.20 ~ 2021.09.26,2021.09.20,2021.09.26,12,헤픈 우연,헤이즈 (Heize),HAPPEN,212389
2021,2021.09.20 ~ 2021.09.26,2021.09.20,2021.09.26,13,시간을 거슬러 (낮에 뜨는 달 X 케이윌),케이윌,시간을 거슬러 (낮에 뜨는 달 X 케이윌),79617
2021,2021.09.20 ~ 2021.09.26,2021.09.20,2021.09.26,14,가을 타나 봐,이무진,가을 타나 봐 (REVIBE Vol.4),63430
2021,2021.09.20 ~ 2021.09.26,2021.09.20,2021.09.26,15,다정히 내 이름을 부르면,경서예지,다정히 내 이름을 부르면 (경서예지 x 전건호),222941
2021,2021.09.20 ~ 2021.09.26,2021.09.20,2021.09.26,16,Dynamite,방탄소년단,Dynamite (DayTime Version),466623
2021,2021.09.20 ~ 2021.09.26,2021.09.20,2021.09.26,17,비와 당신,이무진,슬기로운 의사생활 시즌2 OST Part 1,135670
2021,2021.09.20 ~ 2021.09.26,2021.09.20,2021.09.26,18,Dun Dun Dance,오마이걸 (OH MY GIRL),Dear OHMYGIRL,170936
2021,2021.09.20 ~ 2021.09.26,2021.09.20,2021.09.26,19,롤린 (Rollin'),브레이브걸스,Rollin',301506
2021,2021.09.20 ~ 2021.09.26,2021.09.20,2021.09.26,20,라일락,아이유,IU 5th Album 'LILAC',267734
2021,2021.09.20 ~ 2021.09.26,2021.09.20,2021.09.26,21,고백,멜로망스,세 번째 '고백',126190
2021,2021.09.20 ~ 2021.09.26,2021.09.20,2021.09.26,22,Celebrity,아이유,IU 5th Album 'LILAC',349279
2021,2021.09.20 ~ 2021.09.26,2021.09.20,2021.09.26,23,ASAP,STAYC(스테이씨),STAYDOM,158510
2021,2021.09.20 ~ 2021.09.26,2021.09.20,2021.09.26,24,비가 오는 날엔 (2021),헤이즈 (Heize),비가 오는 날엔 (2021),95503
2021,2021.09.20 ~ 2021.09.26,2021.09.20,2021.09.26,25,가을 우체국 앞에서,김대명,슬기로운 의사생활 시즌2 OST Part 2,67766
2021,2021.09.20 ~ 2021.09.26,2021.09.20,2021.09.26,26,"사이렌 Remix (Feat. UNEDUCATED KID, Paul Blanco)",호미들,사이렌 Remix,185532
2021,2021.09.20 ~ 2021.09.26,2021.09.20,2021.09.26,27,색안경 (STEREOTYPE),STAYC(스테이씨),STEREOTYPE,85822
2021,2021.09.20 ~ 2021.09.26,2021.09.20,2021.09.26,28,하루만 더,빅마마,하루만 더,63601
2021,2021.09.20 ~ 2021.09.26,2021.09.20,2021.09.26,29,밝게 빛나는 별이 되어 비춰줄게,송이한,밝게 빛나는 별이 되어 비춰줄게,140247
2021,2021.09.20 ~ 2021.09.26,2021.09.20,2021.09.26,30,내 손을 잡아,아이유,최고의 사랑 OST Part.4,221716
2021,2021.09.20 ~ 2021.09.26,2021.09.20,2021.09.26,31,안녕 (Hello),조이 (JOY),안녕 (Hello) - Special Album,145782
2021,2021.09.20 ~ 2021.09.26,2021.09.20,2021.09.26,32,치맛바람 (Chi Mat Ba Ram),브레이브걸스,Summer Queen,96822
2021,2021.09.20 ~ 2021.09.26,2021.09.20,2021.09.26,33,Alcohol-Free,TWICE (트와이스),Taste of Love,98012
2021,2021.09.20 ~ 2021.09.26,2021.09.20,2021.09.26,34,밤하늘의 별을(2020),경서,밤하늘의 별을(2020),244780
2021,2021.09.20 ~ 2021.09.26,2021.09.20,2021.09.26,35,Lovesick Girls,BLACKPINK,THE ALBUM,249606
2021,2021.09.20 ~ 2021.09.26,2021.09.20,2021.09.26,36,이제 나만 믿어요,임영웅,내일은 미스터트롯 우승자 특전곡,182690
2021,2021.09.20 ~ 2021.09.26,2021.09.20,2021.09.26,37,빨간 립스틱 (Feat. 윤미래),이하이,4 ONLY,32825
2021,2021.09.20 ~ 2021.09.26,2021.09.20,2021.09.26,38,운전만해 (We Ride),브레이브걸스,We Ride,137643
2021,2021.09.20 ~ 2021.09.26,2021.09.20,2021.09.26,39,멜로디,ASH ISLAND,멜로디,160417
2021,2021.09.20 ~ 2021.09.26,2021.09.20,2021.09.26,40,"어떻게 이별까지 사랑하겠어, 널 사랑하는 거지",AKMU (악뮤),항해,495320
2021,2021.09.20 ~ 2021.09.26,2021.09.20,2021.09.26,41,작은 것들을 위한 시 (Boy With Luv) (Feat. Halsey),방탄소년단,MAP OF THE SOUL : PERSONA,416020
2021,2021.09.20 ~ 2021.09.26,2021.09.20,2021.09.26,42,추억은 만남보다 이별에 남아,정동하,추억은 만남보다 이별에 남아,121189
2021,2021.09.20 ~ 2021.09.26,2021.09.20,2021.09.26,43,Sticker,NCT 127,Sticker - The 3rd Album,91001
2021,2021.09.20 ~ 2021.09.26,2021.09.20,2021.09.26,44,아로하,조정석,슬기로운 의사생활 OST Part 3,265972
2021,2021.09.20 ~ 2021.09.26,2021.09.20,2021.09.26,45,Timeless,SG 워너비,Sg Wanna Be+,137372
2021,2021.09.20 ~ 2021.09.26,2021.09.20,2021.09.26,46,Blueming,아이유,Love poem,369737
2021,2021.09.20 ~ 2021.09.26,2021.09.20,2021.09.26,47,상상더하기,라붐 (LABOUM),Fresh Adventure,138016
2021,2021.09.20 ~ 2021.09.26,2021.09.20,2021.09.26,48,산책,백예린 (Yerin Baek),선물,129815
2021,2021.09.20 ~ 2021.09.26,2021.09.20,2021.09.26,49,취기를 빌려 (취향저격 그녀 X 산들),산들,취기를 빌려 (취향저격 그녀 X 산들),261046
2021,2021.09.20 ~ 2021.09.26,2021.09.20,2021.09.26,50,찰나가 영원이 될 때 (The Eternal Moment),마크툽 (MAKTUB),Red Moon : Beyond The Light,118973
2021,2021.09.20 ~ 2021.09.26,2021.09.20,2021.09.26,51,여전히 아름다운지,세븐틴 (SEVENTEEN),슬기로운 의사생활 시즌2 OST Part 8,77160
2021,2021.09.20 ~ 2021.09.26,2021.09.20,2021.09.26,52,이젠 잊기로 해요 (Drama Ver.),미도와 파라솔,슬기로운 의사생활 시즌2 OST Special,42391
2021,2021.09.20 ~ 2021.09.26,2021.09.20,2021.09.26,53,봄날,방탄소년단,YOU NEVER WALK ALONE,509785
2021,2021.09.20 ~ 2021.09.26,2021.09.20,2021.09.26,54,잠이 오질 않네요,장범준,잠이 오질 않네요,174989
2021,2021.09.20 ~ 2021.09.26,2021.09.20,2021.09.26,55,에잇(Prod.&Feat. SUGA of BTS),아이유,에잇,397029
2021,2021.09.20 ~ 2021.09.26,2021.09.20,2021.09.26,56,"모든 날, 모든 순간 (Every day, Every Moment)",폴킴,'키스 먼저 할까요?' OST Part.3,438240
2021,2021.09.20 ~ 2021.09.26,2021.09.20,2021.09.26,57,Butterfly,전미도,슬기로운 의사생활 시즌2 OST Part 12,28720
2021,2021.09.20 ~ 2021.09.26,2021.09.20,2021.09.26,58,어푸 (Ah puh),아이유,IU 5th Album 'LILAC',142443
2021,2021.09.20 ~ 2021.09.26,2021.09.20,2021.09.26,59,흔들리는 꽃들 속에서 네 샴푸향이 느껴진거야,장범준,멜로가 체질 OST Part 3,320118
2021,2021.09.20 ~ 2021.09.26,2021.09.20,2021.09.26,60,나를 아는 사람,MSG워너비(정상동기),MSG워너비 1집,70620
2021,2021.09.20 ~ 2021.09.26,2021.09.20,2021.09.26,61,그날에 나는 맘이 편했을까,이예준,그날에 나는 맘이 편했을까,106592
2021,2021.09.20 ~ 2021.09.26,2021.09.20,2021.09.26,62,오늘도 빛나는 너에게 (To You My Light) (Feat.이라온),마크툽 (MAKTUB),Red Moon : To You My Light,294524
2021,2021.09.20 ~ 2021.09.26,2021.09.20,2021.09.26,63,오래된 노래,스탠딩 에그,오래된 노래,291350
2021,2021.09.20 ~ 2021.09.26,2021.09.20,2021.09.26,64,METEOR,창모 (CHANGMO),Boyhood,312715
2021,2021.09.20 ~ 2021.09.26,2021.09.20,2021.09.26,65,Life Goes On,방탄소년단,BE,245658
2021,2021.09.20 ~ 2021.09.26,2021.09.20,2021.09.26,66,너 하나야 (낮에 뜨는 달 X 길구봉구),길구봉구,너 하나야 (낮에 뜨는 달 X 길구봉구),17054
2021,2021.09.20 ~ 2021.09.26,2021.09.20,2021.09.26,67,Dolphin,오마이걸 (OH MY GIRL),NONSTOP,206777
2021,2021.09.20 ~ 2021.09.26,2021.09.20,2021.09.26,68,비 오는 날 듣기 좋은 노래 (Feat. Colde),에픽하이 (EPIK HIGH),비 오는 날 듣기 좋은 노래,132062
2021,2021.09.20 ~ 2021.09.26,2021.09.20,2021.09.26,69,"LOVE DAY (2021) (바른연애 길잡이 X 양요섭, 정은지)",양요섭,"LOVE DAY (2021) (바른연애 길잡이 X 양요섭, 정은지)",134401
2021,2021.09.20 ~ 2021.09.26,2021.09.20,2021.09.26,70,고백,10CM,두 번째 '고백',70336
2021,2021.09.20 ~ 2021.09.26,2021.09.20,2021.09.26,71,슈퍼스타,미도와 파라솔,슬기로운 의사생활 시즌2 OST Part 6,54557
2021,2021.09.20 ~ 2021.09.26,2021.09.20,2021.09.26,72,Lemonade,NCT 127,Sticker - The 3rd Album,76818
2021,2021.09.20 ~ 2021.09.26,2021.09.20,2021.09.26,73,너의 번호를 누르고 (Prod. 영화처럼),#안녕,너의 번호를 누르고,156309
2021,2021.09.20 ~ 2021.09.26,2021.09.20,2021.09.26,74,사실 나는 (Feat.전건호),경서예지,사실 나는,106922
2021,2021.09.20 ~ 2021.09.26,2021.09.20,2021.09.26,75,나랑 같이 걸을래 (바른연애 길잡이 X 적재),적재,나랑 같이 걸을래 (바른연애 길잡이 X 적재),166872
2021,2021.09.20 ~ 2021.09.26,2021.09.20,2021.09.26,76,상상더하기,"MSG워너비 TOP 8 (별루지, 김정수, 강창모, 정기석, 이동휘, 이상이, 박재정, 원슈타인)",MSG워너비 TOP 8 경연곡,65602
2021,2021.09.20 ~ 2021.09.26,2021.09.20,2021.09.26,77,VVS (Feat. JUSTHIS) (Prod. GroovyRoom),미란이 (MIRANI),쇼미더머니 9 Episode 1,222711
2021,2021.09.20 ~ 2021.09.26,2021.09.20,2021.09.26,78,가까운 듯 먼 그대여,카더가든,가까운 듯 먼 그대여,148323
2021,2021.09.20 ~ 2021.09.26,2021.09.20,2021.09.26,79,어떻게 지내 (Prod. By VAN.C),오반(OVAN),어떻게 지내,227390
2021,2021.09.20 ~ 2021.09.26,2021.09.20,2021.09.26,80,그대라는 사치,임영웅,사랑의 콜센타 PART62,45503
2021,2021.09.20 ~ 2021.09.26,2021.09.20,2021.09.26,81,별빛 같은 나의 사랑아,임영웅,별빛 같은 나의 사랑아,82382
2021,2021.09.20 ~ 2021.09.26,2021.09.20,2021.09.26,82,라라라,SG 워너비,My Friend,100974
2021,2021.09.20 ~ 2021.09.26,2021.09.20,2021.09.26,83,고백,장범준,첫 번째 '고백',58538
2021,2021.09.20 ~ 2021.09.26,2021.09.20,2021.09.26,84,회상,정경호,슬기로운 의사생활 시즌2 OST Part 9,26697
2021,2021.09.20 ~ 2021.09.26,2021.09.20,2021.09.26,85,다시 사랑한다면 (김필 Ver.),임영웅,사랑의 콜센타 PART56,54152
2021,2021.09.20 ~ 2021.09.26,2021.09.20,2021.09.26,86,허리춤,오반(OVAN),허리춤,57070
2021,2021.09.20 ~ 2021.09.26,2021.09.20,2021.09.26,87,On The Ground,로제 (ROSÉ),R,174761
2021,2021.09.20 ~ 2021.09.26,2021.09.20,2021.09.26,88,HERO,임영웅,HERO,78168
2021,2021.09.20 ~ 2021.09.26,2021.09.20,2021.09.26,89,Coin,아이유,IU 5th Album 'LILAC',125201
2021,2021.09.20 ~ 2021.09.26,2021.09.20,2021.09.26,90,Road Trip,NCT 127,Sticker - The 3rd Album,66590
2021,2021.09.20 ~ 2021.09.26,2021.09.20,2021.09.26,91,늦은 밤 너의 집 앞 골목길에서,노을,늦은 밤 너의 집 앞 골목길에서,227384
2021,2021.09.20 ~ 2021.09.26,2021.09.20,2021.09.26,92,퇴근버스,전상근,"이별 후, 첫 번째",14923
2021,2021.09.20 ~ 2021.09.26,2021.09.20,2021.09.26,93,끝사랑,임영웅,사랑의 콜센타 PART61,41542
2021,2021.09.20 ~ 2021.09.26,2021.09.20,2021.09.26,94,잊었니,임영웅,사랑의 콜센타 PART60,44710
2021,2021.09.20 ~ 2021.09.26,2021.09.20,2021.09.26,95,언젠가는,미도와 파라솔,슬기로운 의사생활 시즌2 OST Part 12,22089
2021,2021.09.20 ~ 2021.09.26,2021.09.20,2021.09.26,96,너를 생각해,주시크 (Joosiq),너를 생각해,171903
2021,2021.09.20 ~ 2021.09.26,2021.09.20,2021.09.26,97,LALISA,리사 (LISA),LALISA,43522
2021,2021.09.20 ~ 2021.09.26,2021.09.20,2021.09.26,98,How You Like That,BLACKPINK,How You Like That,206256
2021,2021.09.20 ~ 2021.09.26,2021.09.20,2021.09.26,99,내일의 나에게 (The Rainy Night),NCT 127,Sticker - The 3rd Album,46083
2021,2021.09.20 ~ 2021.09.26,2021.09.20,2021.09.26,100,Bk Love,임영웅,뽕숭아학당 PART23,38801
2021,2021.09.27 ~ 2021.10.03,2021.09.27,2021.10.03,1,신호등,이무진,신호등,319012
2021,2021.09.27 ~ 2021.10.03,2021.09.27,2021.10.03,2,OHAYO MY NIGHT,디핵 (D-Hack),OHAYO MY NIGHT,244795
2021,2021.09.27 ~ 2021.10.03,2021.09.27,2021.10.03,3,Next Level,aespa,Next Level,274213
2021,2021.09.27 ~ 2021.10.03,2021.09.27,2021.10.03,4,바라만 본다,MSG워너비(M.O.M),MSG워너비 1집,193864
2021,2021.09.27 ~ 2021.10.03,2021.09.27,2021.10.03,5,낙하 (with 아이유),AKMU (악뮤),NEXT EPISODE,199866
2021,2021.09.27 ~ 2021.10.03,2021.09.27,2021.10.03,6,Permission to Dance,방탄소년단,Butter / Permission to Dance,232541
2021,2021.09.27 ~ 2021.10.03,2021.09.27,2021.10.03,7,Weekend,태연 (TAEYEON),Weekend,207699
2021,2021.09.27 ~ 2021.10.03,2021.09.27,2021.10.03,8,Butter,방탄소년단,Butter,301147
2021,2021.09.27 ~ 2021.10.03,2021.09.27,2021.10.03,9,좋아좋아,조정석,슬기로운 의사생활 시즌2 OST Part 5,99239
2021,2021.09.27 ~ 2021.10.03,2021.09.27,2021.10.03,10,다정히 내 이름을 부르면,경서예지,다정히 내 이름을 부르면 (경서예지 x 전건호),222941
2021,2021.09.27 ~ 2021.10.03,2021.09.27,2021.10.03,11,Queendom,Red Velvet (레드벨벳),Queendom - The 6th Mini Album,125291
2021,2021.09.27 ~ 2021.10.03,2021.09.27,2021.10.03,12,헤픈 우연,헤이즈 (Heize),HAPPEN,212389
2021,2021.09.27 ~ 2021.10.03,2021.09.27,2021.10.03,13,DUMB DUMB,전소미,DUMB DUMB,106217
2021,2021.09.27 ~ 2021.10.03,2021.09.27,2021.10.03,14,시간을 거슬러 (낮에 뜨는 달 X 케이윌),케이윌,시간을 거슬러 (낮에 뜨는 달 X 케이윌),79617
2021,2021.09.27 ~ 2021.10.03,2021.09.27,2021.10.03,15,Dynamite,방탄소년단,Dynamite (DayTime Version),466623
2021,2021.09.27 ~ 2021.10.03,2021.09.27,2021.10.03,16,가을 타나 봐,이무진,가을 타나 봐 (REVIBE Vol.4),63430
2021,2021.09.27 ~ 2021.10.03,2021.09.27,2021.10.03,17,고백,멜로망스,세 번째 '고백',126190
2021,2021.09.27 ~ 2021.10.03,2021.09.27,2021.10.03,18,비와 당신,이무진,슬기로운 의사생활 시즌2 OST Part 1,135670
2021,2021.09.27 ~ 2021.10.03,2021.09.27,2021.10.03,19,라일락,아이유,IU 5th Album 'LILAC',267734
2021,2021.09.27 ~ 2021.10.03,2021.09.27,2021.10.03,20,롤린 (Rollin'),브레이브걸스,Rollin',301506
2021,2021.09.27 ~ 2021.10.03,2021.09.27,2021.10.03,21,Dun Dun Dance,오마이걸 (OH MY GIRL),Dear OHMYGIRL,170936
2021,2021.09.27 ~ 2021.10.03,2021.09.27,2021.10.03,22,Celebrity,아이유,IU 5th Album 'LILAC',349279
2021,2021.09.27 ~ 2021.10.03,2021.09.27,2021.10.03,23,비가 오는 날엔 (2021),헤이즈 (Heize),비가 오는 날엔 (2021),95503
2021,2021.09.27 ~ 2021.10.03,2021.09.27,2021.10.03,24,ASAP,STAYC(스테이씨),STAYDOM,158510
2021,2021.09.27 ~ 2021.10.03,2021.09.27,2021.10.03,25,"사이렌 Remix (Feat. UNEDUCATED KID, Paul Blanco)",호미들,사이렌 Remix,185532
2021,2021.09.27 ~ 2021.10.03,2021.09.27,2021.10.03,26,가을 우체국 앞에서,김대명,슬기로운 의사생활 시즌2 OST Part 2,67766
2021,2021.09.27 ~ 2021.10.03,2021.09.27,2021.10.03,27,색안경 (STEREOTYPE),STAYC(스테이씨),STEREOTYPE,85822
2021,2021.09.27 ~ 2021.10.03,2021.09.27,2021.10.03,28,하루만 더,빅마마,하루만 더,63601
2021,2021.09.27 ~ 2021.10.03,2021.09.27,2021.10.03,29,밝게 빛나는 별이 되어 비춰줄게,송이한,밝게 빛나는 별이 되어 비춰줄게,140247
2021,2021.09.27 ~ 2021.10.03,2021.09.27,2021.10.03,30,내 손을 잡아,아이유,최고의 사랑 OST Part.4,221716
2021,2021.09.27 ~ 2021.10.03,2021.09.27,2021.10.03,31,안녕 (Hello),조이 (JOY),안녕 (Hello) - Special Album,145782
2021,2021.09.27 ~ 2021.10.03,2021.09.27,2021.10.03,32,밤하늘의 별을(2020),경서,밤하늘의 별을(2020),244780
2021,2021.09.27 ~ 2021.10.03,2021.09.27,2021.10.03,33,치맛바람 (Chi Mat Ba Ram),브레이브걸스,Summer Queen,96822
2021,2021.09.27 ~ 2021.10.03,2021.09.27,2021.10.03,34,"어떻게 이별까지 사랑하겠어, 널 사랑하는 거지",AKMU (악뮤),항해,495320
2021,2021.09.27 ~ 2021.10.03,2021.09.27,2021.10.03,35,Lovesick Girls,BLACKPINK,THE ALBUM,249606
2021,2021.09.27 ~ 2021.10.03,2021.09.27,2021.10.03,36,작은 것들을 위한 시 (Boy With Luv) (Feat. Halsey),방탄소년단,MAP OF THE SOUL : PERSONA,416020
2021,2021.09.27 ~ 2021.10.03,2021.09.27,2021.10.03,37,LOCO,ITZY (있지),CRAZY IN LOVE,56902
2021,2021.09.27 ~ 2021.10.03,2021.09.27,2021.10.03,38,Alcohol-Free,TWICE (트와이스),Taste of Love,98012
2021,2021.09.27 ~ 2021.10.03,2021.09.27,2021.10.03,39,추억은 만남보다 이별에 남아,정동하,추억은 만남보다 이별에 남아,121189
2021,2021.09.27 ~ 2021.10.03,2021.09.27,2021.10.03,40,이제 나만 믿어요,임영웅,내일은 미스터트롯 우승자 특전곡,182690
2021,2021.09.27 ~ 2021.10.03,2021.09.27,2021.10.03,41,찰나가 영원이 될 때 (The Eternal Moment),마크툽 (MAKTUB),Red Moon : Beyond The Light,118973
2021,2021.09.27 ~ 2021.10.03,2021.09.27,2021.10.03,42,너를 생각해,주시크 (Joosiq),너를 생각해,171903
2021,2021.09.27 ~ 2021.10.03,2021.09.27,2021.10.03,43,멜로디,ASH ISLAND,멜로디,160417
2021,2021.09.27 ~ 2021.10.03,2021.09.27,2021.10.03,44,운전만해 (We Ride),브레이브걸스,We Ride,137643
2021,2021.09.27 ~ 2021.10.03,2021.09.27,2021.10.03,45,아로하,조정석,슬기로운 의사생활 OST Part 3,265972
2021,2021.09.27 ~ 2021.10.03,2021.09.27,2021.10.03,46,취기를 빌려 (취향저격 그녀 X 산들),산들,취기를 빌려 (취향저격 그녀 X 산들),261046
2021,2021.09.27 ~ 2021.10.03,2021.09.27,2021.10.03,47,Timeless,SG 워너비,Sg Wanna Be+,137372
2021,2021.09.27 ~ 2021.10.03,2021.09.27,2021.10.03,48,Blueming,아이유,Love poem,369737
2021,2021.09.27 ~ 2021.10.03,2021.09.27,2021.10.03,49,봄날,방탄소년단,YOU NEVER WALK ALONE,509785
2021,2021.09.27 ~ 2021.10.03,2021.09.27,2021.10.03,50,빨간 립스틱 (Feat. 윤미래),이하이,4 ONLY,32825
2021,2021.09.27 ~ 2021.10.03,2021.09.27,2021.10.03,51,잠이 오질 않네요,장범준,잠이 오질 않네요,174989
2021,2021.09.27 ~ 2021.10.03,2021.09.27,2021.10.03,52,"모든 날, 모든 순간 (Every day, Every Moment)",폴킴,'키스 먼저 할까요?' OST Part.3,438240
2021,2021.09.27 ~ 2021.10.03,2021.09.27,2021.10.03,53,흔들리는 꽃들 속에서 네 샴푸향이 느껴진거야,장범준,멜로가 체질 OST Part 3,320118
2021,2021.09.27 ~ 2021.10.03,2021.09.27,2021.10.03,54,오늘도 빛나는 너에게 (To You My Light) (Feat.이라온),마크툽 (MAKTUB),Red Moon : To You My Light,294524
2021,2021.09.27 ~ 2021.10.03,2021.09.27,2021.10.03,55,오래된 노래,스탠딩 에그,오래된 노래,291350
2021,2021.09.27 ~ 2021.10.03,2021.09.27,2021.10.03,56,에잇(Prod.&Feat. SUGA of BTS),아이유,에잇,397029
2021,2021.09.27 ~ 2021.10.03,2021.09.27,2021.10.03,57,상상더하기,라붐 (LABOUM),Fresh Adventure,138016
2021,2021.09.27 ~ 2021.10.03,2021.09.27,2021.10.03,58,그날에 나는 맘이 편했을까,이예준,그날에 나는 맘이 편했을까,106592
2021,2021.09.27 ~ 2021.10.03,2021.09.27,2021.10.03,59,어푸 (Ah puh),아이유,IU 5th Album 'LILAC',142443
2021,2021.09.27 ~ 2021.10.03,2021.09.27,2021.10.03,60,Life Goes On,방탄소년단,BE,245658
2021,2021.09.27 ~ 2021.10.03,2021.09.27,2021.10.03,61,고백,어반자카파,네 번째 '고백',14677
2021,2021.09.27 ~ 2021.10.03,2021.09.27,2021.10.03,62,METEOR,창모 (CHANGMO),Boyhood,312715
2021,2021.09.27 ~ 2021.10.03,2021.09.27,2021.10.03,63,나를 아는 사람,MSG워너비(정상동기),MSG워너비 1집,70620
2021,2021.09.27 ~ 2021.10.03,2021.09.27,2021.10.03,64,산책,백예린 (Yerin Baek),선물,129815
2021,2021.09.27 ~ 2021.10.03,2021.09.27,2021.10.03,65,이젠 잊기로 해요 (Drama Ver.),미도와 파라솔,슬기로운 의사생활 시즌2 OST Special,42391
2021,2021.09.27 ~ 2021.10.03,2021.09.27,2021.10.03,66,"LOVE DAY (2021) (바른연애 길잡이 X 양요섭, 정은지)",양요섭,"LOVE DAY (2021) (바른연애 길잡이 X 양요섭, 정은지)",134401
2021,2021.09.27 ~ 2021.10.03,2021.09.27,2021.10.03,67,고백,10CM,두 번째 '고백',70336
2021,2021.09.27 ~ 2021.10.03,2021.09.27,2021.10.03,68,비 오는 날 듣기 좋은 노래 (Feat. Colde),에픽하이 (EPIK HIGH),비 오는 날 듣기 좋은 노래,132062
2021,2021.09.27 ~ 2021.10.03,2021.09.27,2021.10.03,69,Sticker,NCT 127,Sticker - The 3rd Album,91001
2021,2021.09.27 ~ 2021.10.03,2021.09.27,2021.10.03,70,여전히 아름다운지,세븐틴 (SEVENTEEN),슬기로운 의사생활 시즌2 OST Part 8,77160
2021,2021.09.27 ~ 2021.10.03,2021.09.27,2021.10.03,71,Dolphin,오마이걸 (OH MY GIRL),NONSTOP,206777
2021,2021.09.27 ~ 2021.10.03,2021.09.27,2021.10.03,72,너 하나야 (낮에 뜨는 달 X 길구봉구),길구봉구,너 하나야 (낮에 뜨는 달 X 길구봉구),17054
2021,2021.09.27 ~ 2021.10.03,2021.09.27,2021.10.03,73,사랑은 언제나 목마르다 (N번째 연애 X 이해리 (다비치)),이해리 (다비치),사랑은 언제나 목마르다 (N번째 연애 X 이해리 (다비치)),20619
2021,2021.09.27 ~ 2021.10.03,2021.09.27,2021.10.03,74,너의 번호를 누르고 (Prod. 영화처럼),#안녕,너의 번호를 누르고,156309
2021,2021.09.27 ~ 2021.10.03,2021.09.27,2021.10.03,75,전화 한 번 못하니,신예영,전화 한 번 못하니 (너에게 하고 싶은 말 X 신예영),30583
2021,2021.09.27 ~ 2021.10.03,2021.09.27,2021.10.03,76,사실 나는 (Feat.전건호),경서예지,사실 나는,106922
2021,2021.09.27 ~ 2021.10.03,2021.09.27,2021.10.03,77,나랑 같이 걸을래 (바른연애 길잡이 X 적재),적재,나랑 같이 걸을래 (바른연애 길잡이 X 적재),166872
2021,2021.09.27 ~ 2021.10.03,2021.09.27,2021.10.03,78,Butterfly,전미도,슬기로운 의사생활 시즌2 OST Part 12,28720
2021,2021.09.27 ~ 2021.10.03,2021.09.27,2021.10.03,79,그대라는 사치,임영웅,사랑의 콜센타 PART62,45503
2021,2021.09.27 ~ 2021.10.03,2021.09.27,2021.10.03,80,별빛 같은 나의 사랑아,임영웅,별빛 같은 나의 사랑아,82382
2021,2021.09.27 ~ 2021.10.03,2021.09.27,2021.10.03,81,VVS (Feat. JUSTHIS) (Prod. GroovyRoom),미란이 (MIRANI),쇼미더머니 9 Episode 1,222711
2021,2021.09.27 ~ 2021.10.03,2021.09.27,2021.10.03,82,어떻게 지내 (Prod. By VAN.C),오반(OVAN),어떻게 지내,227390
2021,2021.09.27 ~ 2021.10.03,2021.09.27,2021.10.03,83,다시 사랑한다면 (김필 Ver.),임영웅,사랑의 콜센타 PART56,54152
2021,2021.09.27 ~ 2021.10.03,2021.09.27,2021.10.03,84,상상더하기,"MSG워너비 TOP 8 (별루지, 김정수, 강창모, 정기석, 이동휘, 이상이, 박재정, 원슈타인)",MSG워너비 TOP 8 경연곡,65602
2021,2021.09.27 ~ 2021.10.03,2021.09.27,2021.10.03,85,너와 나는 이제 남이니까,이소정,너와 나는 이제 남이니까,29720
2021,2021.09.27 ~ 2021.10.03,2021.09.27,2021.10.03,86,가까운 듯 먼 그대여,카더가든,가까운 듯 먼 그대여,148323
2021,2021.09.27 ~ 2021.10.03,2021.09.27,2021.10.03,87,고백,장범준,첫 번째 '고백',58538
2021,2021.09.27 ~ 2021.10.03,2021.09.27,2021.10.03,88,라라라,SG 워너비,My Friend,100974
2021,2021.09.27 ~ 2021.10.03,2021.09.27,2021.10.03,89,슈퍼스타,미도와 파라솔,슬기로운 의사생활 시즌2 OST Part 6,54557
2021,2021.09.27 ~ 2021.10.03,2021.09.27,2021.10.03,90,Lemonade,NCT 127,Sticker - The 3rd Album,76818
2021,2021.09.27 ~ 2021.10.03,2021.09.27,2021.10.03,91,HERO,임영웅,HERO,78168
2021,2021.09.27 ~ 2021.10.03,2021.09.27,2021.10.03,92,늦은 밤 너의 집 앞 골목길에서,노을,늦은 밤 너의 집 앞 골목길에서,227384
2021,2021.09.27 ~ 2021.10.03,2021.09.27,2021.10.03,93,Coin,아이유,IU 5th Album 'LILAC',125201
2021,2021.09.27 ~ 2021.10.03,2021.09.27,2021.10.03,94,On The Ground,로제 (ROSÉ),R,174761
2021,2021.09.27 ~ 2021.10.03,2021.09.27,2021.10.03,95,끝사랑,임영웅,사랑의 콜센타 PART61,41542
2021,2021.09.27 ~ 2021.10.03,2021.09.27,2021.10.03,96,허리춤,오반(OVAN),허리춤,57070
2021,2021.09.27 ~ 2021.10.03,2021.09.27,2021.10.03,97,잊었니,임영웅,사랑의 콜센타 PART60,44710
2021,2021.09.27 ~ 2021.10.03,2021.09.27,2021.10.03,98,해운대,순순희,해운대,22910
2021,2021.09.27 ~ 2021.10.03,2021.09.27,2021.10.03,99,Bk Love,임영웅,뽕숭아학당 PART23,38801
2021,2021.09.27 ~ 2021.10.03,2021.09.27,2021.10.03,100,회상,정경호,슬기로운 의사생활 시즌2 OST Part 9,26697
2021,2021.10.04 ~ 2021.10.10,2021.10.04,2021.10.10,1,신호등,이무진,신호등,319012
2021,2021.10.04 ~ 2021.10.10,2021.10.04,2021.10.10,2,Savage,aespa,Savage - The 1st Mini Album,168720
2021,2021.10.04 ~ 2021.10.10,2021.10.04,2021.10.10,3,낙하 (with 아이유),AKMU (악뮤),NEXT EPISODE,199866
2021,2021.10.04 ~ 2021.10.10,2021.10.04,2021.10.10,4,Next Level,aespa,Next Level,274213
2021,2021.10.04 ~ 2021.10.10,2021.10.04,2021.10.10,5,OHAYO MY NIGHT,디핵 (D-Hack),OHAYO MY NIGHT,244795
2021,2021.10.04 ~ 2021.10.10,2021.10.04,2021.10.10,6,바라만 본다,MSG워너비(M.O.M),MSG워너비 1집,193864
2021,2021.10.04 ~ 2021.10.10,2021.10.04,2021.10.10,7,Permission to Dance,방탄소년단,Butter / Permission to Dance,232541
2021,2021.10.04 ~ 2021.10.10,2021.10.04,2021.10.10,8,Weekend,태연 (TAEYEON),Weekend,207699
2021,2021.10.04 ~ 2021.10.10,2021.10.04,2021.10.10,9,다정히 내 이름을 부르면,경서예지,다정히 내 이름을 부르면 (경서예지 x 전건호),222941
2021,2021.10.04 ~ 2021.10.10,2021.10.04,2021.10.10,10,Butter,방탄소년단,Butter,301147
2021,2021.10.04 ~ 2021.10.10,2021.10.04,2021.10.10,11,좋아좋아,조정석,슬기로운 의사생활 시즌2 OST Part 5,99239
2021,2021.10.04 ~ 2021.10.10,2021.10.04,2021.10.10,12,헤픈 우연,헤이즈 (Heize),HAPPEN,212389
2021,2021.10.04 ~ 2021.10.10,2021.10.04,2021.10.10,13,시간을 거슬러 (낮에 뜨는 달 X 케이윌),케이윌,시간을 거슬러 (낮에 뜨는 달 X 케이윌),79617
2021,2021.10.04 ~ 2021.10.10,2021.10.04,2021.10.10,14,DUMB DUMB,전소미,DUMB DUMB,106217
2021,2021.10.04 ~ 2021.10.10,2021.10.04,2021.10.10,15,Queendom,Red Velvet (레드벨벳),Queendom - The 6th Mini Album,125291
2021,2021.10.04 ~ 2021.10.10,2021.10.04,2021.10.10,16,Dynamite,방탄소년단,Dynamite (DayTime Version),466623
2021,2021.10.04 ~ 2021.10.10,2021.10.04,2021.10.10,17,고백,멜로망스,세 번째 '고백',126190
2021,2021.10.04 ~ 2021.10.10,2021.10.04,2021.10.10,18,가을 타나 봐,이무진,가을 타나 봐 (REVIBE Vol.4),63430
2021,2021.10.04 ~ 2021.10.10,2021.10.04,2021.10.10,19,라일락,아이유,IU 5th Album 'LILAC',267734
2021,2021.10.04 ~ 2021.10.10,2021.10.04,2021.10.10,20,비와 당신,이무진,슬기로운 의사생활 시즌2 OST Part 1,135670
2021,2021.10.04 ~ 2021.10.10,2021.10.04,2021.10.10,21,롤린 (Rollin'),브레이브걸스,Rollin',301506
2021,2021.10.04 ~ 2021.10.10,2021.10.04,2021.10.10,22,Celebrity,아이유,IU 5th Album 'LILAC',349279
2021,2021.10.04 ~ 2021.10.10,2021.10.04,2021.10.10,23,Dun Dun Dance,오마이걸 (OH MY GIRL),Dear OHMYGIRL,170936
2021,2021.10.04 ~ 2021.10.10,2021.10.04,2021.10.10,24,비가 오는 날엔 (2021),헤이즈 (Heize),비가 오는 날엔 (2021),95503
2021,2021.10.04 ~ 2021.10.10,2021.10.04,2021.10.10,25,ASAP,STAYC(스테이씨),STAYDOM,158510
2021,2021.10.04 ~ 2021.10.10,2021.10.04,2021.10.10,26,"사이렌 Remix (Feat. UNEDUCATED KID, Paul Blanco)",호미들,사이렌 Remix,185532
2021,2021.10.04 ~ 2021.10.10,2021.10.04,2021.10.10,27,너를 생각해,주시크 (Joosiq),너를 생각해,171903
2021,2021.10.04 ~ 2021.10.10,2021.10.04,2021.10.10,28,색안경 (STEREOTYPE),STAYC(스테이씨),STEREOTYPE,85822
2021,2021.10.04 ~ 2021.10.10,2021.10.04,2021.10.10,29,밝게 빛나는 별이 되어 비춰줄게,송이한,밝게 빛나는 별이 되어 비춰줄게,140247
2021,2021.10.04 ~ 2021.10.10,2021.10.04,2021.10.10,30,사랑은 언제나 목마르다 (N번째 연애 X 이해리 (다비치)),이해리 (다비치),사랑은 언제나 목마르다 (N번째 연애 X 이해리 (다비치)),20619
2021,2021.10.04 ~ 2021.10.10,2021.10.04,2021.10.10,31,하루만 더,빅마마,하루만 더,63601
2021,2021.10.04 ~ 2021.10.10,2021.10.04,2021.10.10,32,LOCO,ITZY (있지),CRAZY IN LOVE,56902
2021,2021.10.04 ~ 2021.10.10,2021.10.04,2021.10.10,33,내 손을 잡아,아이유,최고의 사랑 OST Part.4,221716
2021,2021.10.04 ~ 2021.10.10,2021.10.04,2021.10.10,34,가을 우체국 앞에서,김대명,슬기로운 의사생활 시즌2 OST Part 2,67766
2021,2021.10.04 ~ 2021.10.10,2021.10.04,2021.10.10,35,찰나가 영원이 될 때 (The Eternal Moment),마크툽 (MAKTUB),Red Moon : Beyond The Light,118973
2021,2021.10.04 ~ 2021.10.10,2021.10.04,2021.10.10,36,"어떻게 이별까지 사랑하겠어, 널 사랑하는 거지",AKMU (악뮤),항해,495320
2021,2021.10.04 ~ 2021.10.10,2021.10.04,2021.10.10,37,추억은 만남보다 이별에 남아,정동하,추억은 만남보다 이별에 남아,121189
2021,2021.10.04 ~ 2021.10.10,2021.10.04,2021.10.10,38,밤하늘의 별을(2020),경서,밤하늘의 별을(2020),244780
2021,2021.10.04 ~ 2021.10.10,2021.10.04,2021.10.10,39,이제 나만 믿어요,임영웅,내일은 미스터트롯 우승자 특전곡,182690
2021,2021.10.04 ~ 2021.10.10,2021.10.04,2021.10.10,40,Lovesick Girls,BLACKPINK,THE ALBUM,249606
2021,2021.10.04 ~ 2021.10.10,2021.10.04,2021.10.10,41,멜로디,ASH ISLAND,멜로디,160417
2021,2021.10.04 ~ 2021.10.10,2021.10.04,2021.10.10,42,작은 것들을 위한 시 (Boy With Luv) (Feat. Halsey),방탄소년단,MAP OF THE SOUL : PERSONA,416020
2021,2021.10.04 ~ 2021.10.10,2021.10.04,2021.10.10,43,안녕 (Hello),조이 (JOY),안녕 (Hello) - Special Album,145782
2021,2021.10.04 ~ 2021.10.10,2021.10.04,2021.10.10,44,치맛바람 (Chi Mat Ba Ram),브레이브걸스,Summer Queen,96822
2021,2021.10.04 ~ 2021.10.10,2021.10.04,2021.10.10,45,취기를 빌려 (취향저격 그녀 X 산들),산들,취기를 빌려 (취향저격 그녀 X 산들),261046
2021,2021.10.04 ~ 2021.10.10,2021.10.04,2021.10.10,46,"모든 날, 모든 순간 (Every day, Every Moment)",폴킴,'키스 먼저 할까요?' OST Part.3,438240
2021,2021.10.04 ~ 2021.10.10,2021.10.04,2021.10.10,47,Blueming,아이유,Love poem,369737
2021,2021.10.04 ~ 2021.10.10,2021.10.04,2021.10.10,48,Alcohol-Free,TWICE (트와이스),Taste of Love,98012
2021,2021.10.04 ~ 2021.10.10,2021.10.04,2021.10.10,49,아로하,조정석,슬기로운 의사생활 OST Part 3,265972
2021,2021.10.04 ~ 2021.10.10,2021.10.04,2021.10.10,50,잠이 오질 않네요,장범준,잠이 오질 않네요,174989
2021,2021.10.04 ~ 2021.10.10,2021.10.04,2021.10.10,51,운전만해 (We Ride),브레이브걸스,We Ride,137643
2021,2021.10.04 ~ 2021.10.10,2021.10.04,2021.10.10,52,Timeless,SG 워너비,Sg Wanna Be+,137372
2021,2021.10.04 ~ 2021.10.10,2021.10.04,2021.10.10,53,봄날,방탄소년단,YOU NEVER WALK ALONE,509785
2021,2021.10.04 ~ 2021.10.10,2021.10.04,2021.10.10,54,오늘도 빛나는 너에게 (To You My Light) (Feat.이라온),마크툽 (MAKTUB),Red Moon : To You My Light,294524
2021,2021.10.04 ~ 2021.10.10,2021.10.04,2021.10.10,55,흔들리는 꽃들 속에서 네 샴푸향이 느껴진거야,장범준,멜로가 체질 OST Part 3,320118
2021,2021.10.04 ~ 2021.10.10,2021.10.04,2021.10.10,56,오래된 노래,스탠딩 에그,오래된 노래,291350
2021,2021.10.04 ~ 2021.10.10,2021.10.04,2021.10.10,57,에잇(Prod.&Feat. SUGA of BTS),아이유,에잇,397029
2021,2021.10.04 ~ 2021.10.10,2021.10.04,2021.10.10,58,그날에 나는 맘이 편했을까,이예준,그날에 나는 맘이 편했을까,106592
2021,2021.10.04 ~ 2021.10.10,2021.10.04,2021.10.10,59,상상더하기,라붐 (LABOUM),Fresh Adventure,138016
2021,2021.10.04 ~ 2021.10.10,2021.10.04,2021.10.10,60,빨간 립스틱 (Feat. 윤미래),이하이,4 ONLY,32825
2021,2021.10.04 ~ 2021.10.10,2021.10.04,2021.10.10,61,어푸 (Ah puh),아이유,IU 5th Album 'LILAC',142443
2021,2021.10.04 ~ 2021.10.10,2021.10.04,2021.10.10,62,Life Goes On,방탄소년단,BE,245658
2021,2021.10.04 ~ 2021.10.10,2021.10.04,2021.10.10,63,METEOR,창모 (CHANGMO),Boyhood,312715
2021,2021.10.04 ~ 2021.10.10,2021.10.04,2021.10.10,64,"LOVE DAY (2021) (바른연애 길잡이 X 양요섭, 정은지)",양요섭,"LOVE DAY (2021) (바른연애 길잡이 X 양요섭, 정은지)",134401
2021,2021.10.04 ~ 2021.10.10,2021.10.04,2021.10.10,65,비 오는 날 듣기 좋은 노래 (Feat. Colde),에픽하이 (EPIK HIGH),비 오는 날 듣기 좋은 노래,132062
2021,2021.10.04 ~ 2021.10.10,2021.10.04,2021.10.10,66,나를 아는 사람,MSG워너비(정상동기),MSG워너비 1집,70620
2021,2021.10.04 ~ 2021.10.10,2021.10.04,2021.10.10,67,고백,10CM,두 번째 '고백',70336
2021,2021.10.04 ~ 2021.10.10,2021.10.04,2021.10.10,68,Dolphin,오마이걸 (OH MY GIRL),NONSTOP,206777
2021,2021.10.04 ~ 2021.10.10,2021.10.04,2021.10.10,69,산책,백예린 (Yerin Baek),선물,129815
2021,2021.10.04 ~ 2021.10.10,2021.10.04,2021.10.10,70,이젠 잊기로 해요 (Drama Ver.),미도와 파라솔,슬기로운 의사생활 시즌2 OST Special,42391
2021,2021.10.04 ~ 2021.10.10,2021.10.04,2021.10.10,71,너의 번호를 누르고 (Prod. 영화처럼),#안녕,너의 번호를 누르고,156309
2021,2021.10.04 ~ 2021.10.10,2021.10.04,2021.10.10,72,전화 한 번 못하니,신예영,전화 한 번 못하니 (너에게 하고 싶은 말 X 신예영),30583
2021,2021.10.04 ~ 2021.10.10,2021.10.04,2021.10.10,73,사실 나는 (Feat.전건호),경서예지,사실 나는,106922
2021,2021.10.04 ~ 2021.10.10,2021.10.04,2021.10.10,74,여전히 아름다운지,세븐틴 (SEVENTEEN),슬기로운 의사생활 시즌2 OST Part 8,77160
2021,2021.10.04 ~ 2021.10.10,2021.10.04,2021.10.10,75,너 하나야 (낮에 뜨는 달 X 길구봉구),길구봉구,너 하나야 (낮에 뜨는 달 X 길구봉구),17054
2021,2021.10.04 ~ 2021.10.10,2021.10.04,2021.10.10,76,내 기억 속에 남아 있는 그대 모습은,산들,갯마을 차차차 OST Part 6,32209
2021,2021.10.04 ~ 2021.10.10,2021.10.04,2021.10.10,77,그대라는 사치,임영웅,사랑의 콜센타 PART62,45503
2021,2021.10.04 ~ 2021.10.10,2021.10.04,2021.10.10,78,너의 모습,정동하,너의 모습,24200
2021,2021.10.04 ~ 2021.10.10,2021.10.04,2021.10.10,79,별빛 같은 나의 사랑아,임영웅,별빛 같은 나의 사랑아,82382
2021,2021.10.04 ~ 2021.10.10,2021.10.04,2021.10.10,80,바래,HYNN (박혜원),바래,17129
2021,2021.10.04 ~ 2021.10.10,2021.10.04,2021.10.10,81,Sticker,NCT 127,Sticker - The 3rd Album,91001
2021,2021.10.04 ~ 2021.10.10,2021.10.04,2021.10.10,82,다시 사랑한다면 (김필 Ver.),임영웅,사랑의 콜센타 PART56,54152
2021,2021.10.04 ~ 2021.10.10,2021.10.04,2021.10.10,83,나랑 같이 걸을래 (바른연애 길잡이 X 적재),적재,나랑 같이 걸을래 (바른연애 길잡이 X 적재),166872
2021,2021.10.04 ~ 2021.10.10,2021.10.04,2021.10.10,84,VVS (Feat. JUSTHIS) (Prod. GroovyRoom),미란이 (MIRANI),쇼미더머니 9 Episode 1,222711
2021,2021.10.04 ~ 2021.10.10,2021.10.04,2021.10.10,85,HERO,임영웅,HERO,78168
2021,2021.10.04 ~ 2021.10.10,2021.10.04,2021.10.10,86,어떻게 지내 (Prod. By VAN.C),오반(OVAN),어떻게 지내,227390
2021,2021.10.04 ~ 2021.10.10,2021.10.04,2021.10.10,87,고백,어반자카파,네 번째 '고백',14677
2021,2021.10.04 ~ 2021.10.10,2021.10.04,2021.10.10,88,가까운 듯 먼 그대여,카더가든,가까운 듯 먼 그대여,148323
2021,2021.10.04 ~ 2021.10.10,2021.10.04,2021.10.10,89,잊었니,임영웅,사랑의 콜센타 PART60,44710
2021,2021.10.04 ~ 2021.10.10,2021.10.04,2021.10.10,90,너와 나는 이제 남이니까,이소정,너와 나는 이제 남이니까,29720
2021,2021.10.04 ~ 2021.10.10,2021.10.04,2021.10.10,91,끝사랑,임영웅,사랑의 콜센타 PART61,41542
2021,2021.10.04 ~ 2021.10.10,2021.10.04,2021.10.10,92,상상더하기,"MSG워너비 TOP 8 (별루지, 김정수, 강창모, 정기석, 이동휘, 이상이, 박재정, 원슈타인)",MSG워너비 TOP 8 경연곡,65602
2021,2021.10.04 ~ 2021.10.10,2021.10.04,2021.10.10,93,라라라,SG 워너비,My Friend,100974
2021,2021.10.04 ~ 2021.10.10,2021.10.04,2021.10.10,94,늦은 밤 너의 집 앞 골목길에서,노을,늦은 밤 너의 집 앞 골목길에서,227384
2021,2021.10.04 ~ 2021.10.10,2021.10.04,2021.10.10,95,고백,장범준,첫 번째 '고백',58538
2021,2021.10.04 ~ 2021.10.10,2021.10.04,2021.10.10,96,찬란한 계절,폴킴,찬란한 계절,30873
2021,2021.10.04 ~ 2021.10.10,2021.10.04,2021.10.10,97,해운대,순순희,해운대,22910
2021,2021.10.04 ~ 2021.10.10,2021.10.04,2021.10.10,98,Bk Love,임영웅,뽕숭아학당 PART23,38801
2021,2021.10.04 ~ 2021.10.10,2021.10.04,2021.10.10,99,Coin,아이유,IU 5th Album 'LILAC',125201
2021,2021.10.04 ~ 2021.10.10,2021.10.04,2021.10.10,100,Butterfly,전미도,슬기로운 의사생활 시즌2 OST Part 12,28720
2021,2021.10.11 ~ 2021.10.17,2021.10.11,2021.10.17,1,Savage,aespa,Savage - The 1st Mini Album,168720
2021,2021.10.11 ~ 2021.10.17,2021.10.11,2021.10.17,2,신호등,이무진,신호등,319012
2021,2021.10.11 ~ 2021.10.17,2021.10.11,2021.10.17,3,Next Level,aespa,Next Level,274213
2021,2021.10.11 ~ 2021.10.17,2021.10.11,2021.10.17,4,낙하 (with 아이유),AKMU (악뮤),NEXT EPISODE,199866
2021,2021.10.11 ~ 2021.10.17,2021.10.11,2021.10.17,5,OHAYO MY NIGHT,디핵 (D-Hack),OHAYO MY NIGHT,244795
2021,2021.10.11 ~ 2021.10.17,2021.10.11,2021.10.17,6,바라만 본다,MSG워너비(M.O.M),MSG워너비 1집,193864
2021,2021.10.11 ~ 2021.10.17,2021.10.11,2021.10.17,7,다정히 내 이름을 부르면,경서예지,다정히 내 이름을 부르면 (경서예지 x 전건호),222941
2021,2021.10.11 ~ 2021.10.17,2021.10.11,2021.10.17,8,Permission to Dance,방탄소년단,Butter / Permission to Dance,232541
2021,2021.10.11 ~ 2021.10.17,2021.10.11,2021.10.17,9,Weekend,태연 (TAEYEON),Weekend,207699
2021,2021.10.11 ~ 2021.10.17,2021.10.11,2021.10.17,10,Butter,방탄소년단,Butter,301147
2021,2021.10.11 ~ 2021.10.17,2021.10.11,2021.10.17,11,헤픈 우연,헤이즈 (Heize),HAPPEN,212389
2021,2021.10.11 ~ 2021.10.17,2021.10.11,2021.10.17,12,좋아좋아,조정석,슬기로운 의사생활 시즌2 OST Part 5,99239
2021,2021.10.11 ~ 2021.10.17,2021.10.11,2021.10.17,13,시간을 거슬러 (낮에 뜨는 달 X 케이윌),케이윌,시간을 거슬러 (낮에 뜨는 달 X 케이윌),79617
2021,2021.10.11 ~ 2021.10.17,2021.10.11,2021.10.17,14,Dynamite,방탄소년단,Dynamite (DayTime Version),466623
2021,2021.10.11 ~ 2021.10.17,2021.10.11,2021.10.17,15,고백,멜로망스,세 번째 '고백',126190
2021,2021.10.11 ~ 2021.10.17,2021.10.11,2021.10.17,16,Queendom,Red Velvet (레드벨벳),Queendom - The 6th Mini Album,125291
2021,2021.10.11 ~ 2021.10.17,2021.10.11,2021.10.17,17,DUMB DUMB,전소미,DUMB DUMB,106217
2021,2021.10.11 ~ 2021.10.17,2021.10.11,2021.10.17,18,사랑은 늘 도망가,임영웅,신사와 아가씨 OST Part.2,237239
2021,2021.10.11 ~ 2021.10.17,2021.10.11,2021.10.17,19,라일락,아이유,IU 5th Album 'LILAC',267734
2021,2021.10.11 ~ 2021.10.17,2021.10.11,2021.10.17,20,너를 생각해,주시크 (Joosiq),너를 생각해,171903
2021,2021.10.11 ~ 2021.10.17,2021.10.11,2021.10.17,21,가을 타나 봐,이무진,가을 타나 봐 (REVIBE Vol.4),63430
2021,2021.10.11 ~ 2021.10.17,2021.10.11,2021.10.17,22,비와 당신,이무진,슬기로운 의사생활 시즌2 OST Part 1,135670
2021,2021.10.11 ~ 2021.10.17,2021.10.11,2021.10.17,23,Celebrity,아이유,IU 5th Album 'LILAC',349279
2021,2021.10.11 ~ 2021.10.17,2021.10.11,2021.10.17,24,롤린 (Rollin'),브레이브걸스,Rollin',301506
2021,2021.10.11 ~ 2021.10.17,2021.10.11,2021.10.17,25,비가 오는 날엔 (2021),헤이즈 (Heize),비가 오는 날엔 (2021),95503
2021,2021.10.11 ~ 2021.10.17,2021.10.11,2021.10.17,26,Dun Dun Dance,오마이걸 (OH MY GIRL),Dear OHMYGIRL,170936
2021,2021.10.11 ~ 2021.10.17,2021.10.11,2021.10.17,27,"사이렌 Remix (Feat. UNEDUCATED KID, Paul Blanco)",호미들,사이렌 Remix,185532
2021,2021.10.11 ~ 2021.10.17,2021.10.11,2021.10.17,28,ASAP,STAYC(스테이씨),STAYDOM,158510
2021,2021.10.11 ~ 2021.10.17,2021.10.11,2021.10.17,29,색안경 (STEREOTYPE),STAYC(스테이씨),STEREOTYPE,85822
2021,2021.10.11 ~ 2021.10.17,2021.10.11,2021.10.17,30,LOCO,ITZY (있지),CRAZY IN LOVE,56902
2021,2021.10.11 ~ 2021.10.17,2021.10.11,2021.10.17,31,밝게 빛나는 별이 되어 비춰줄게,송이한,밝게 빛나는 별이 되어 비춰줄게,140247
2021,2021.10.11 ~ 2021.10.17,2021.10.11,2021.10.17,32,내 손을 잡아,아이유,최고의 사랑 OST Part.4,221716
2021,2021.10.11 ~ 2021.10.17,2021.10.11,2021.10.17,33,찰나가 영원이 될 때 (The Eternal Moment),마크툽 (MAKTUB),Red Moon : Beyond The Light,118973
2021,2021.10.11 ~ 2021.10.17,2021.10.11,2021.10.17,34,이제 나만 믿어요,임영웅,내일은 미스터트롯 우승자 특전곡,182690
2021,2021.10.11 ~ 2021.10.17,2021.10.11,2021.10.17,35,하루만 더,빅마마,하루만 더,63601
2021,2021.10.11 ~ 2021.10.17,2021.10.11,2021.10.17,36,"어떻게 이별까지 사랑하겠어, 널 사랑하는 거지",AKMU (악뮤),항해,495320
2021,2021.10.11 ~ 2021.10.17,2021.10.11,2021.10.17,37,가을 우체국 앞에서,김대명,슬기로운 의사생활 시즌2 OST Part 2,67766
2021,2021.10.11 ~ 2021.10.17,2021.10.11,2021.10.17,38,추억은 만남보다 이별에 남아,정동하,추억은 만남보다 이별에 남아,121189
2021,2021.10.11 ~ 2021.10.17,2021.10.11,2021.10.17,39,밤하늘의 별을(2020),경서,밤하늘의 별을(2020),244780
2021,2021.10.11 ~ 2021.10.17,2021.10.11,2021.10.17,40,Lovesick Girls,BLACKPINK,THE ALBUM,249606
2021,2021.10.11 ~ 2021.10.17,2021.10.11,2021.10.17,41,멜로디,ASH ISLAND,멜로디,160417
2021,2021.10.11 ~ 2021.10.17,2021.10.11,2021.10.17,42,사랑은 언제나 목마르다 (N번째 연애 X 이해리 (다비치)),이해리 (다비치),사랑은 언제나 목마르다 (N번째 연애 X 이해리 (다비치)),20619
2021,2021.10.11 ~ 2021.10.17,2021.10.11,2021.10.17,43,"모든 날, 모든 순간 (Every day, Every Moment)",폴킴,'키스 먼저 할까요?' OST Part.3,438240
2021,2021.10.11 ~ 2021.10.17,2021.10.11,2021.10.17,44,취기를 빌려 (취향저격 그녀 X 산들),산들,취기를 빌려 (취향저격 그녀 X 산들),261046
2021,2021.10.11 ~ 2021.10.17,2021.10.11,2021.10.17,45,작은 것들을 위한 시 (Boy With Luv) (Feat. Halsey),방탄소년단,MAP OF THE SOUL : PERSONA,416020
2021,2021.10.11 ~ 2021.10.17,2021.10.11,2021.10.17,46,Blueming,아이유,Love poem,369737
2021,2021.10.11 ~ 2021.10.17,2021.10.11,2021.10.17,47,오늘도 빛나는 너에게 (To You My Light) (Feat.이라온),마크툽 (MAKTUB),Red Moon : To You My Light,294524
2021,2021.10.11 ~ 2021.10.17,2021.10.11,2021.10.17,48,잠이 오질 않네요,장범준,잠이 오질 않네요,174989
2021,2021.10.11 ~ 2021.10.17,2021.10.11,2021.10.17,49,안녕 (Hello),조이 (JOY),안녕 (Hello) - Special Album,145782
2021,2021.10.11 ~ 2021.10.17,2021.10.11,2021.10.17,50,아로하,조정석,슬기로운 의사생활 OST Part 3,265972
2021,2021.10.11 ~ 2021.10.17,2021.10.11,2021.10.17,51,봄날,방탄소년단,YOU NEVER WALK ALONE,509785
2021,2021.10.11 ~ 2021.10.17,2021.10.11,2021.10.17,52,Timeless,SG 워너비,Sg Wanna Be+,137372
2021,2021.10.11 ~ 2021.10.17,2021.10.11,2021.10.17,53,치맛바람 (Chi Mat Ba Ram),브레이브걸스,Summer Queen,96822
2021,2021.10.11 ~ 2021.10.17,2021.10.11,2021.10.17,54,그날에 나는 맘이 편했을까,이예준,그날에 나는 맘이 편했을까,106592
2021,2021.10.11 ~ 2021.10.17,2021.10.11,2021.10.17,55,운전만해 (We Ride),브레이브걸스,We Ride,137643
2021,2021.10.11 ~ 2021.10.17,2021.10.11,2021.10.17,56,에잇(Prod.&Feat. SUGA of BTS),아이유,에잇,397029
2021,2021.10.11 ~ 2021.10.17,2021.10.11,2021.10.17,57,오래된 노래,스탠딩 에그,오래된 노래,291350
2021,2021.10.11 ~ 2021.10.17,2021.10.11,2021.10.17,58,흔들리는 꽃들 속에서 네 샴푸향이 느껴진거야,장범준,멜로가 체질 OST Part 3,320118
2021,2021.10.11 ~ 2021.10.17,2021.10.11,2021.10.17,59,Alcohol-Free,TWICE (트와이스),Taste of Love,98012
2021,2021.10.11 ~ 2021.10.17,2021.10.11,2021.10.17,60,METEOR,창모 (CHANGMO),Boyhood,312715
2021,2021.10.11 ~ 2021.10.17,2021.10.11,2021.10.17,61,어푸 (Ah puh),아이유,IU 5th Album 'LILAC',142443
2021,2021.10.11 ~ 2021.10.17,2021.10.11,2021.10.17,62,Life Goes On,방탄소년단,BE,245658
2021,2021.10.11 ~ 2021.10.17,2021.10.11,2021.10.17,63,상상더하기,라붐 (LABOUM),Fresh Adventure,138016
2021,2021.10.11 ~ 2021.10.17,2021.10.11,2021.10.17,64,그대라는 사치,임영웅,사랑의 콜센타 PART62,45503
2021,2021.10.11 ~ 2021.10.17,2021.10.11,2021.10.17,65,"LOVE DAY (2021) (바른연애 길잡이 X 양요섭, 정은지)",양요섭,"LOVE DAY (2021) (바른연애 길잡이 X 양요섭, 정은지)",134401
2021,2021.10.11 ~ 2021.10.17,2021.10.11,2021.10.17,66,비 오는 날 듣기 좋은 노래 (Feat. Colde),에픽하이 (EPIK HIGH),비 오는 날 듣기 좋은 노래,132062
2021,2021.10.11 ~ 2021.10.17,2021.10.11,2021.10.17,67,신촌을 못가,허각,신촌을 못가,13675
2021,2021.10.11 ~ 2021.10.17,2021.10.11,2021.10.17,68,너의 번호를 누르고 (Prod. 영화처럼),#안녕,너의 번호를 누르고,156309
2021,2021.10.11 ~ 2021.10.17,2021.10.11,2021.10.17,69,사실 나는 (Feat.전건호),경서예지,사실 나는,106922
2021,2021.10.11 ~ 2021.10.17,2021.10.11,2021.10.17,70,고백,10CM,두 번째 '고백',70336
2021,2021.10.11 ~ 2021.10.17,2021.10.11,2021.10.17,71,빨간 립스틱 (Feat. 윤미래),이하이,4 ONLY,32825
2021,2021.10.11 ~ 2021.10.17,2021.10.11,2021.10.17,72,밤새 니가 내려,케이시 (Kassy),밤새 니가 내려,14533
2021,2021.10.11 ~ 2021.10.17,2021.10.11,2021.10.17,73,나를 아는 사람,MSG워너비(정상동기),MSG워너비 1집,70620
2021,2021.10.11 ~ 2021.10.17,2021.10.11,2021.10.17,74,Dolphin,오마이걸 (OH MY GIRL),NONSTOP,206777
2021,2021.10.11 ~ 2021.10.17,2021.10.11,2021.10.17,75,다시 사랑한다면 (김필 Ver.),임영웅,사랑의 콜센타 PART56,54152
2021,2021.10.11 ~ 2021.10.17,2021.10.11,2021.10.17,76,찬란한 계절,폴킴,찬란한 계절,30873
2021,2021.10.11 ~ 2021.10.17,2021.10.11,2021.10.17,77,전화 한 번 못하니,신예영,전화 한 번 못하니 (너에게 하고 싶은 말 X 신예영),30583
2021,2021.10.11 ~ 2021.10.17,2021.10.11,2021.10.17,78,별빛 같은 나의 사랑아,임영웅,별빛 같은 나의 사랑아,82382
2021,2021.10.11 ~ 2021.10.17,2021.10.11,2021.10.17,79,이젠 잊기로 해요 (Drama Ver.),미도와 파라솔,슬기로운 의사생활 시즌2 OST Special,42391
2021,2021.10.11 ~ 2021.10.17,2021.10.11,2021.10.17,80,산책,백예린 (Yerin Baek),선물,129815
2021,2021.10.11 ~ 2021.10.17,2021.10.11,2021.10.17,81,너의 모습,정동하,너의 모습,24200
2021,2021.10.11 ~ 2021.10.17,2021.10.11,2021.10.17,82,HERO,임영웅,HERO,78168
2021,2021.10.11 ~ 2021.10.17,2021.10.11,2021.10.17,83,여전히 아름다운지,세븐틴 (SEVENTEEN),슬기로운 의사생활 시즌2 OST Part 8,77160
2021,2021.10.11 ~ 2021.10.17,2021.10.11,2021.10.17,84,내 기억 속에 남아 있는 그대 모습은,산들,갯마을 차차차 OST Part 6,32209
2021,2021.10.11 ~ 2021.10.17,2021.10.11,2021.10.17,85,잊었니,임영웅,사랑의 콜센타 PART60,44710
2021,2021.10.11 ~ 2021.10.17,2021.10.11,2021.10.17,86,Cold Blooded,제시 (Jessi),Cold Blooded,29660
2021,2021.10.11 ~ 2021.10.17,2021.10.11,2021.10.17,87,끝사랑,임영웅,사랑의 콜센타 PART61,41542
2021,2021.10.11 ~ 2021.10.17,2021.10.11,2021.10.17,88,나랑 같이 걸을래 (바른연애 길잡이 X 적재),적재,나랑 같이 걸을래 (바른연애 길잡이 X 적재),166872
2021,2021.10.11 ~ 2021.10.17,2021.10.11,2021.10.17,89,너 하나야 (낮에 뜨는 달 X 길구봉구),길구봉구,너 하나야 (낮에 뜨는 달 X 길구봉구),17054
2021,2021.10.11 ~ 2021.10.17,2021.10.11,2021.10.17,90,Sticker,NCT 127,Sticker - The 3rd Album,91001
2021,2021.10.11 ~ 2021.10.17,2021.10.11,2021.10.17,91,Bk Love,임영웅,뽕숭아학당 PART23,38801
2021,2021.10.11 ~ 2021.10.17,2021.10.11,2021.10.17,92,VVS (Feat. JUSTHIS) (Prod. GroovyRoom),미란이 (MIRANI),쇼미더머니 9 Episode 1,222711
2021,2021.10.11 ~ 2021.10.17,2021.10.11,2021.10.17,93,어떻게 지내 (Prod. By VAN.C),오반(OVAN),어떻게 지내,227390
2021,2021.10.11 ~ 2021.10.17,2021.10.11,2021.10.17,94,해운대,순순희,해운대,22910
2021,2021.10.11 ~ 2021.10.17,2021.10.11,2021.10.17,95,바래,HYNN (박혜원),바래,17129
2021,2021.10.11 ~ 2021.10.17,2021.10.11,2021.10.17,96,늦은 밤 너의 집 앞 골목길에서,노을,늦은 밤 너의 집 앞 골목길에서,227384
2021,2021.10.11 ~ 2021.10.17,2021.10.11,2021.10.17,97,서툰 이별을 하려해 (Feat.전상근),윤토벤,서툰 이별을 하려해,103234
2021,2021.10.11 ~ 2021.10.17,2021.10.11,2021.10.17,98,바람,최유리,갯마을 차차차 OST Part 4,62734
2021,2021.10.11 ~ 2021.10.17,2021.10.11,2021.10.17,99,라라라,SG 워너비,My Friend,100974
2021,2021.10.11 ~ 2021.10.17,2021.10.11,2021.10.17,100,가까운 듯 먼 그대여,카더가든,가까운 듯 먼 그대여,148323
2021,2021.10.18 ~ 2021.10.24,2021.10.18,2021.10.24,1,strawberry moon,아이유,strawberry moon,238516
2021,2021.10.18 ~ 2021.10.24,2021.10.18,2021.10.24,2,Savage,aespa,Savage - The 1st Mini Album,168720
2021,2021.10.18 ~ 2021.10.24,2021.10.18,2021.10.24,3,신호등,이무진,신호등,319012
2021,2021.10.18 ~ 2021.10.24,2021.10.18,2021.10.24,4,Next Level,aespa,Next Level,274213
2021,2021.10.18 ~ 2021.10.24,2021.10.18,2021.10.24,5,낙하 (with 아이유),AKMU (악뮤),NEXT EPISODE,199866
2021,2021.10.18 ~ 2021.10.24,2021.10.18,2021.10.24,6,OHAYO MY NIGHT,디핵 (D-Hack),OHAYO MY NIGHT,244795
2021,2021.10.18 ~ 2021.10.24,2021.10.18,2021.10.24,7,다정히 내 이름을 부르면,경서예지,다정히 내 이름을 부르면 (경서예지 x 전건호),222941
2021,2021.10.18 ~ 2021.10.24,2021.10.18,2021.10.24,8,바라만 본다,MSG워너비(M.O.M),MSG워너비 1집,193864
2021,2021.10.18 ~ 2021.10.24,2021.10.18,2021.10.24,9,Permission to Dance,방탄소년단,Butter / Permission to Dance,232541
2021,2021.10.18 ~ 2021.10.24,2021.10.18,2021.10.24,10,Weekend,태연 (TAEYEON),Weekend,207699
2021,2021.10.18 ~ 2021.10.24,2021.10.18,2021.10.24,11,Butter,방탄소년단,Butter,301147
2021,2021.10.18 ~ 2021.10.24,2021.10.18,2021.10.24,12,사랑은 늘 도망가,임영웅,신사와 아가씨 OST Part.2,237239
2021,2021.10.18 ~ 2021.10.24,2021.10.18,2021.10.24,13,헤픈 우연,헤이즈 (Heize),HAPPEN,212389
2021,2021.10.18 ~ 2021.10.24,2021.10.18,2021.10.24,14,너를 생각해,주시크 (Joosiq),너를 생각해,171903
2021,2021.10.18 ~ 2021.10.24,2021.10.18,2021.10.24,15,좋아좋아,조정석,슬기로운 의사생활 시즌2 OST Part 5,99239
2021,2021.10.18 ~ 2021.10.24,2021.10.18,2021.10.24,16,시간을 거슬러 (낮에 뜨는 달 X 케이윌),케이윌,시간을 거슬러 (낮에 뜨는 달 X 케이윌),79617
2021,2021.10.18 ~ 2021.10.24,2021.10.18,2021.10.24,17,Dynamite,방탄소년단,Dynamite (DayTime Version),466623
2021,2021.10.18 ~ 2021.10.24,2021.10.18,2021.10.24,18,고백,멜로망스,세 번째 '고백',126190
2021,2021.10.18 ~ 2021.10.24,2021.10.18,2021.10.24,19,나의 첫사랑,다비치,나의 첫사랑,34695
2021,2021.10.18 ~ 2021.10.24,2021.10.18,2021.10.24,20,라일락,아이유,IU 5th Album 'LILAC',267734
2021,2021.10.18 ~ 2021.10.24,2021.10.18,2021.10.24,21,DUMB DUMB,전소미,DUMB DUMB,106217
2021,2021.10.18 ~ 2021.10.24,2021.10.18,2021.10.24,22,Queendom,Red Velvet (레드벨벳),Queendom - The 6th Mini Album,125291
2021,2021.10.18 ~ 2021.10.24,2021.10.18,2021.10.24,23,Celebrity,아이유,IU 5th Album 'LILAC',349279
2021,2021.10.18 ~ 2021.10.24,2021.10.18,2021.10.24,24,가을 타나 봐,이무진,가을 타나 봐 (REVIBE Vol.4),63430
2021,2021.10.18 ~ 2021.10.24,2021.10.18,2021.10.24,25,롤린 (Rollin'),브레이브걸스,Rollin',301506
2021,2021.10.18 ~ 2021.10.24,2021.10.18,2021.10.24,26,비와 당신,이무진,슬기로운 의사생활 시즌2 OST Part 1,135670
2021,2021.10.18 ~ 2021.10.24,2021.10.18,2021.10.24,27,"사이렌 Remix (Feat. UNEDUCATED KID, Paul Blanco)",호미들,사이렌 Remix,185532
2021,2021.10.18 ~ 2021.10.24,2021.10.18,2021.10.24,28,Dun Dun Dance,오마이걸 (OH MY GIRL),Dear OHMYGIRL,170937
2021,2021.10.18 ~ 2021.10.24,2021.10.18,2021.10.24,29,비가 오는 날엔 (2021),헤이즈 (Heize),비가 오는 날엔 (2021),95503
2021,2021.10.18 ~ 2021.10.24,2021.10.18,2021.10.24,30,찰나가 영원이 될 때 (The Eternal Moment),마크툽 (MAKTUB),Red Moon : Beyond The Light,118973
2021,2021.10.18 ~ 2021.10.24,2021.10.18,2021.10.24,31,내 손을 잡아,아이유,최고의 사랑 OST Part.4,221716
2021,2021.10.18 ~ 2021.10.24,2021.10.18,2021.10.24,32,이제 나만 믿어요,임영웅,내일은 미스터트롯 우승자 특전곡,182690
2021,2021.10.18 ~ 2021.10.24,2021.10.18,2021.10.24,33,ASAP,STAYC(스테이씨),STAYDOM,158510
2021,2021.10.18 ~ 2021.10.24,2021.10.18,2021.10.24,34,밝게 빛나는 별이 되어 비춰줄게,송이한,밝게 빛나는 별이 되어 비춰줄게,140247
2021,2021.10.18 ~ 2021.10.24,2021.10.18,2021.10.24,35,색안경 (STEREOTYPE),STAYC(스테이씨),STEREOTYPE,85822
2021,2021.10.18 ~ 2021.10.24,2021.10.18,2021.10.24,36,"어떻게 이별까지 사랑하겠어, 널 사랑하는 거지",AKMU (악뮤),항해,495320
2021,2021.10.18 ~ 2021.10.24,2021.10.18,2021.10.24,37,Cold Blooded,제시 (Jessi),Cold Blooded,29660
2021,2021.10.18 ~ 2021.10.24,2021.10.18,2021.10.24,38,하루만 더,빅마마,하루만 더,63601
2021,2021.10.18 ~ 2021.10.24,2021.10.18,2021.10.24,39,LOCO,ITZY (있지),CRAZY IN LOVE,56902
2021,2021.10.18 ~ 2021.10.24,2021.10.18,2021.10.24,40,추억은 만남보다 이별에 남아,정동하,추억은 만남보다 이별에 남아,121189
2021,2021.10.18 ~ 2021.10.24,2021.10.18,2021.10.24,41,밤하늘의 별을(2020),경서,밤하늘의 별을(2020),244780
2021,2021.10.18 ~ 2021.10.24,2021.10.18,2021.10.24,42,가을 우체국 앞에서,김대명,슬기로운 의사생활 시즌2 OST Part 2,67766
2021,2021.10.18 ~ 2021.10.24,2021.10.18,2021.10.24,43,Blueming,아이유,Love poem,369737
2021,2021.10.18 ~ 2021.10.24,2021.10.18,2021.10.24,44,"모든 날, 모든 순간 (Every day, Every Moment)",폴킴,'키스 먼저 할까요?' OST Part.3,438240
2021,2021.10.18 ~ 2021.10.24,2021.10.18,2021.10.24,45,Lovesick Girls,BLACKPINK,THE ALBUM,249606
2021,2021.10.18 ~ 2021.10.24,2021.10.18,2021.10.24,46,멜로디,ASH ISLAND,멜로디,160417
2021,2021.10.18 ~ 2021.10.24,2021.10.18,2021.10.24,47,취기를 빌려 (취향저격 그녀 X 산들),산들,취기를 빌려 (취향저격 그녀 X 산들),261046
2021,2021.10.18 ~ 2021.10.24,2021.10.18,2021.10.24,48,작은 것들을 위한 시 (Boy With Luv) (Feat. Halsey),방탄소년단,MAP OF THE SOUL : PERSONA,416020
2021,2021.10.18 ~ 2021.10.24,2021.10.18,2021.10.24,49,오늘도 빛나는 너에게 (To You My Light) (Feat.이라온),마크툽 (MAKTUB),Red Moon : To You My Light,294524
2021,2021.10.18 ~ 2021.10.24,2021.10.18,2021.10.24,50,에잇(Prod.&Feat. SUGA of BTS),아이유,에잇,397029
2021,2021.10.18 ~ 2021.10.24,2021.10.18,2021.10.24,51,잠이 오질 않네요,장범준,잠이 오질 않네요,174989
2021,2021.10.18 ~ 2021.10.24,2021.10.18,2021.10.24,52,아로하,조정석,슬기로운 의사생활 OST Part 3,265972
2021,2021.10.18 ~ 2021.10.24,2021.10.18,2021.10.24,53,봄날,방탄소년단,YOU NEVER WALK ALONE,509785
2021,2021.10.18 ~ 2021.10.24,2021.10.18,2021.10.24,54,Timeless,SG 워너비,Sg Wanna Be+,137372
2021,2021.10.18 ~ 2021.10.24,2021.10.18,2021.10.24,55,그날에 나는 맘이 편했을까,이예준,그날에 나는 맘이 편했을까,106592
2021,2021.10.18 ~ 2021.10.24,2021.10.18,2021.10.24,56,오래된 노래,스탠딩 에그,오래된 노래,291350
2021,2021.10.18 ~ 2021.10.24,2021.10.18,2021.10.24,57,흔들리는 꽃들 속에서 네 샴푸향이 느껴진거야,장범준,멜로가 체질 OST Part 3,320118
2021,2021.10.18 ~ 2021.10.24,2021.10.18,2021.10.24,58,사랑은 언제나 목마르다 (N번째 연애 X 이해리 (다비치)),이해리 (다비치),사랑은 언제나 목마르다 (N번째 연애 X 이해리 (다비치)),20619
2021,2021.10.18 ~ 2021.10.24,2021.10.18,2021.10.24,59,안녕 (Hello),조이 (JOY),안녕 (Hello) - Special Album,145782
2021,2021.10.18 ~ 2021.10.24,2021.10.18,2021.10.24,60,운전만해 (We Ride),브레이브걸스,We Ride,137643
2021,2021.10.18 ~ 2021.10.24,2021.10.18,2021.10.24,61,METEOR,창모 (CHANGMO),Boyhood,312715
2021,2021.10.18 ~ 2021.10.24,2021.10.18,2021.10.24,62,어푸 (Ah puh),아이유,IU 5th Album 'LILAC',142443
2021,2021.10.18 ~ 2021.10.24,2021.10.18,2021.10.24,63,치맛바람 (Chi Mat Ba Ram),브레이브걸스,Summer Queen,96822
2021,2021.10.18 ~ 2021.10.24,2021.10.18,2021.10.24,64,Alcohol-Free,TWICE (트와이스),Taste of Love,98012
2021,2021.10.18 ~ 2021.10.24,2021.10.18,2021.10.24,65,그대라는 사치,임영웅,사랑의 콜센타 PART62,45503
2021,2021.10.18 ~ 2021.10.24,2021.10.18,2021.10.24,66,Life Goes On,방탄소년단,BE,245658
2021,2021.10.18 ~ 2021.10.24,2021.10.18,2021.10.24,67,사실 나는 (Feat.전건호),경서예지,사실 나는,106922
2021,2021.10.18 ~ 2021.10.24,2021.10.18,2021.10.24,68,너의 번호를 누르고 (Prod. 영화처럼),#안녕,너의 번호를 누르고,156309
2021,2021.10.18 ~ 2021.10.24,2021.10.18,2021.10.24,69,상상더하기,라붐 (LABOUM),Fresh Adventure,138016
2021,2021.10.18 ~ 2021.10.24,2021.10.18,2021.10.24,70,다시 사랑한다면 (김필 Ver.),임영웅,사랑의 콜센타 PART56,54152
2021,2021.10.18 ~ 2021.10.24,2021.10.18,2021.10.24,71,"LOVE DAY (2021) (바른연애 길잡이 X 양요섭, 정은지)",양요섭,"LOVE DAY (2021) (바른연애 길잡이 X 양요섭, 정은지)",134401
2021,2021.10.18 ~ 2021.10.24,2021.10.18,2021.10.24,72,여전히 아름다운지,세븐틴 (SEVENTEEN),슬기로운 의사생활 시즌2 OST Part 8,77160
2021,2021.10.18 ~ 2021.10.24,2021.10.18,2021.10.24,73,고백,10CM,두 번째 '고백',70336
2021,2021.10.18 ~ 2021.10.24,2021.10.18,2021.10.24,74,별빛 같은 나의 사랑아,임영웅,별빛 같은 나의 사랑아,82382
2021,2021.10.18 ~ 2021.10.24,2021.10.18,2021.10.24,75,비 오는 날 듣기 좋은 노래 (Feat. Colde),에픽하이 (EPIK HIGH),비 오는 날 듣기 좋은 노래,132062
2021,2021.10.18 ~ 2021.10.24,2021.10.18,2021.10.24,76,Dolphin,오마이걸 (OH MY GIRL),NONSTOP,206777
2021,2021.10.18 ~ 2021.10.24,2021.10.18,2021.10.24,77,나를 아는 사람,MSG워너비(정상동기),MSG워너비 1집,70620
2021,2021.10.18 ~ 2021.10.24,2021.10.18,2021.10.24,78,전화 한 번 못하니,신예영,전화 한 번 못하니 (너에게 하고 싶은 말 X 신예영),30583
2021,2021.10.18 ~ 2021.10.24,2021.10.18,2021.10.24,79,너의 모습,정동하,너의 모습,24200
2021,2021.10.18 ~ 2021.10.24,2021.10.18,2021.10.24,80,빨간 립스틱 (Feat. 윤미래),이하이,4 ONLY,32825
2021,2021.10.18 ~ 2021.10.24,2021.10.18,2021.10.24,81,잊었니,임영웅,사랑의 콜센타 PART60,44710
2021,2021.10.18 ~ 2021.10.24,2021.10.18,2021.10.24,82,HERO,임영웅,HERO,78168
2021,2021.10.18 ~ 2021.10.24,2021.10.18,2021.10.24,83,끝사랑,임영웅,사랑의 콜센타 PART61,41542
2021,2021.10.18 ~ 2021.10.24,2021.10.18,2021.10.24,84,이젠 잊기로 해요 (Drama Ver.),미도와 파라솔,슬기로운 의사생활 시즌2 OST Special,42391
2021,2021.10.18 ~ 2021.10.24,2021.10.18,2021.10.24,85,찬란한 계절,폴킴,찬란한 계절,30873
2021,2021.10.18 ~ 2021.10.24,2021.10.18,2021.10.24,86,역겹겠지만 (Remember me),B.I,WATERFALL,69440
2021,2021.10.18 ~ 2021.10.24,2021.10.18,2021.10.24,87,신촌을 못가,허각,신촌을 못가,13675
2021,2021.10.18 ~ 2021.10.24,2021.10.18,2021.10.24,88,Bk Love,임영웅,뽕숭아학당 PART23,38801
2021,2021.10.18 ~ 2021.10.24,2021.10.18,2021.10.24,89,밤새 니가 내려,케이시 (Kassy),밤새 니가 내려,14533
2021,2021.10.18 ~ 2021.10.24,2021.10.18,2021.10.24,90,산책,백예린 (Yerin Baek),선물,129815
2021,2021.10.18 ~ 2021.10.24,2021.10.18,2021.10.24,91,나랑 같이 걸을래 (바른연애 길잡이 X 적재),적재,나랑 같이 걸을래 (바른연애 길잡이 X 적재),166872
2021,2021.10.18 ~ 2021.10.24,2021.10.18,2021.10.24,92,해운대,순순희,해운대,22910
2021,2021.10.18 ~ 2021.10.24,2021.10.18,2021.10.24,93,그래도 사랑이었잖아,거미 (GUMMY),그래도 사랑이었잖아 (감정공유 : 거미),9454
2021,2021.10.18 ~ 2021.10.24,2021.10.18,2021.10.24,94,내 기억 속에 남아 있는 그대 모습은,산들,갯마을 차차차 OST Part 6,32209
2021,2021.10.18 ~ 2021.10.24,2021.10.18,2021.10.24,95,VVS (Feat. JUSTHIS) (Prod. GroovyRoom),미란이 (MIRANI),쇼미더머니 9 Episode 1,222711
2021,2021.10.18 ~ 2021.10.24,2021.10.18,2021.10.24,96,Rock with you,세븐틴 (SEVENTEEN),SEVENTEEN 9th Mini Album 'Attacca',141004
2021,2021.10.18 ~ 2021.10.24,2021.10.18,2021.10.24,97,우리의 이야기,멜로망스,유미의 세포들 OST Part 8,28842
2021,2021.10.18 ~ 2021.10.24,2021.10.18,2021.10.24,98,어떻게 지내 (Prod. By VAN.C),오반(OVAN),어떻게 지내,227390
2021,2021.10.18 ~ 2021.10.24,2021.10.18,2021.10.24,99,늦은 밤 너의 집 앞 골목길에서,노을,늦은 밤 너의 집 앞 골목길에서,227384
2021,2021.10.18 ~ 2021.10.24,2021.10.18,2021.10.24,100,서툰 이별을 하려해 (Feat.전상근),윤토벤,서툰 이별을 하려해,103234
2021,2021.10.25 ~ 2021.10.31,2021.10.25,2021.10.31,1,strawberry moon,아이유,strawberry moon,238516
2021,2021.10.25 ~ 2021.10.31,2021.10.25,2021.10.31,2,Savage,aespa,Savage - The 1st Mini Album,168720
2021,2021.10.25 ~ 2021.10.31,2021.10.25,2021.10.31,3,신호등,이무진,신호등,319012
2021,2021.10.25 ~ 2021.10.31,2021.10.25,2021.10.31,4,Next Level,aespa,Next Level,274213
2021,2021.10.25 ~ 2021.10.31,2021.10.25,2021.10.31,5,다정히 내 이름을 부르면,경서예지,다정히 내 이름을 부르면 (경서예지 x 전건호),222941
2021,2021.10.25 ~ 2021.10.31,2021.10.25,2021.10.31,6,OHAYO MY NIGHT,디핵 (D-Hack),OHAYO MY NIGHT,244795
2021,2021.10.25 ~ 2021.10.31,2021.10.25,2021.10.31,7,낙하 (with 아이유),AKMU (악뮤),NEXT EPISODE,199867
2021,2021.10.25 ~ 2021.10.31,2021.10.25,2021.10.31,8,바라만 본다,MSG워너비(M.O.M),MSG워너비 1집,193864
2021,2021.10.25 ~ 2021.10.31,2021.10.25,2021.10.31,9,사랑은 늘 도망가,임영웅,신사와 아가씨 OST Part.2,237239
2021,2021.10.25 ~ 2021.10.31,2021.10.25,2021.10.31,10,Permission to Dance,방탄소년단,Butter / Permission to Dance,232541
2021,2021.10.25 ~ 2021.10.31,2021.10.25,2021.10.31,11,너를 생각해,주시크 (Joosiq),너를 생각해,171903
2021,2021.10.25 ~ 2021.10.31,2021.10.25,2021.10.31,12,Weekend,태연 (TAEYEON),Weekend,207699
2021,2021.10.25 ~ 2021.10.31,2021.10.25,2021.10.31,13,Butter,방탄소년단,Butter,301147
2021,2021.10.25 ~ 2021.10.31,2021.10.25,2021.10.31,14,헤픈 우연,헤이즈 (Heize),HAPPEN,212389
2021,2021.10.25 ~ 2021.10.31,2021.10.25,2021.10.31,15,고백,멜로망스,세 번째 '고백',126190
2021,2021.10.25 ~ 2021.10.31,2021.10.25,2021.10.31,16,Dynamite,방탄소년단,Dynamite (DayTime Version),466623
2021,2021.10.25 ~ 2021.10.31,2021.10.25,2021.10.31,17,좋아좋아,조정석,슬기로운 의사생활 시즌2 OST Part 5,99239
2021,2021.10.25 ~ 2021.10.31,2021.10.25,2021.10.31,18,시간을 거슬러 (낮에 뜨는 달 X 케이윌),케이윌,시간을 거슬러 (낮에 뜨는 달 X 케이윌),79617
2021,2021.10.25 ~ 2021.10.31,2021.10.25,2021.10.31,19,라일락,아이유,IU 5th Album 'LILAC',267734
2021,2021.10.25 ~ 2021.10.31,2021.10.25,2021.10.31,20,Rock with you,세븐틴 (SEVENTEEN),SEVENTEEN 9th Mini Album 'Attacca',141004
2021,2021.10.25 ~ 2021.10.31,2021.10.25,2021.10.31,21,Celebrity,아이유,IU 5th Album 'LILAC',349279
2021,2021.10.25 ~ 2021.10.31,2021.10.25,2021.10.31,22,DUMB DUMB,전소미,DUMB DUMB,106217
2021,2021.10.25 ~ 2021.10.31,2021.10.25,2021.10.31,23,Queendom,Red Velvet (레드벨벳),Queendom - The 6th Mini Album,125291
2021,2021.10.25 ~ 2021.10.31,2021.10.25,2021.10.31,24,찰나가 영원이 될 때 (The Eternal Moment),마크툽 (MAKTUB),Red Moon : Beyond The Light,118973
2021,2021.10.25 ~ 2021.10.31,2021.10.25,2021.10.31,25,롤린 (Rollin'),브레이브걸스,Rollin',301506
2021,2021.10.25 ~ 2021.10.31,2021.10.25,2021.10.31,26,"사이렌 Remix (Feat. UNEDUCATED KID, Paul Blanco)",호미들,사이렌 Remix,185532
2021,2021.10.25 ~ 2021.10.31,2021.10.25,2021.10.31,27,가을 타나 봐,이무진,가을 타나 봐 (REVIBE Vol.4),63430
2021,2021.10.25 ~ 2021.10.31,2021.10.25,2021.10.31,28,비와 당신,이무진,슬기로운 의사생활 시즌2 OST Part 1,135670
2021,2021.10.25 ~ 2021.10.31,2021.10.25,2021.10.31,29,Dun Dun Dance,오마이걸 (OH MY GIRL),Dear OHMYGIRL,170937
2021,2021.10.25 ~ 2021.10.31,2021.10.25,2021.10.31,30,나비효과,볼빨간사춘기,Butterfly Effect,36759
2021,2021.10.25 ~ 2021.10.31,2021.10.25,2021.10.31,31,내 손을 잡아,아이유,최고의 사랑 OST Part.4,221716
2021,2021.10.25 ~ 2021.10.31,2021.10.25,2021.10.31,32,이제 나만 믿어요,임영웅,내일은 미스터트롯 우승자 특전곡,182690
2021,2021.10.25 ~ 2021.10.31,2021.10.25,2021.10.31,33,비가 오는 날엔 (2021),헤이즈 (Heize),비가 오는 날엔 (2021),95503
2021,2021.10.25 ~ 2021.10.31,2021.10.25,2021.10.31,34,밝게 빛나는 별이 되어 비춰줄게,송이한,밝게 빛나는 별이 되어 비춰줄게,140247
2021,2021.10.25 ~ 2021.10.31,2021.10.25,2021.10.31,35,"어떻게 이별까지 사랑하겠어, 널 사랑하는 거지",AKMU (악뮤),항해,495320
2021,2021.10.25 ~ 2021.10.31,2021.10.25,2021.10.31,36,ASAP,STAYC(스테이씨),STAYDOM,158510
2021,2021.10.25 ~ 2021.10.31,2021.10.25,2021.10.31,37,나의 첫사랑,다비치,나의 첫사랑,34695
2021,2021.10.25 ~ 2021.10.31,2021.10.25,2021.10.31,38,추억은 만남보다 이별에 남아,정동하,추억은 만남보다 이별에 남아,121189
2021,2021.10.25 ~ 2021.10.31,2021.10.25,2021.10.31,39,색안경 (STEREOTYPE),STAYC(스테이씨),STEREOTYPE,85822
2021,2021.10.25 ~ 2021.10.31,2021.10.25,2021.10.31,40,하루만 더,빅마마,하루만 더,63601
2021,2021.10.25 ~ 2021.10.31,2021.10.25,2021.10.31,41,Cold Blooded,제시 (Jessi),Cold Blooded,29660
2021,2021.10.25 ~ 2021.10.31,2021.10.25,2021.10.31,42,Blueming,아이유,Love poem,369737
2021,2021.10.25 ~ 2021.10.31,2021.10.25,2021.10.31,43,밤하늘의 별을(2020),경서,밤하늘의 별을(2020),244780
2021,2021.10.25 ~ 2021.10.31,2021.10.25,2021.10.31,44,"모든 날, 모든 순간 (Every day, Every Moment)",폴킴,'키스 먼저 할까요?' OST Part.3,438240
2021,2021.10.25 ~ 2021.10.31,2021.10.25,2021.10.31,45,LOCO,ITZY (있지),CRAZY IN LOVE,56902
2021,2021.10.25 ~ 2021.10.31,2021.10.25,2021.10.31,46,여전히 아름다운지,세븐틴 (SEVENTEEN),슬기로운 의사생활 시즌2 OST Part 8,77160
2021,2021.10.25 ~ 2021.10.31,2021.10.25,2021.10.31,47,가을 우체국 앞에서,김대명,슬기로운 의사생활 시즌2 OST Part 2,67766
2021,2021.10.25 ~ 2021.10.31,2021.10.25,2021.10.31,48,Favorite (Vampire),NCT 127,Favorite - The 3rd Album Repackage,93635
2021,2021.10.25 ~ 2021.10.31,2021.10.25,2021.10.31,49,멜로디,ASH ISLAND,멜로디,160417
2021,2021.10.25 ~ 2021.10.31,2021.10.25,2021.10.31,50,Lovesick Girls,BLACKPINK,THE ALBUM,249606
2021,2021.10.25 ~ 2021.10.31,2021.10.25,2021.10.31,51,오늘도 빛나는 너에게 (To You My Light) (Feat.이라온),마크툽 (MAKTUB),Red Moon : To You My Light,294524
2021,2021.10.25 ~ 2021.10.31,2021.10.25,2021.10.31,52,취기를 빌려 (취향저격 그녀 X 산들),산들,취기를 빌려 (취향저격 그녀 X 산들),261046
2021,2021.10.25 ~ 2021.10.31,2021.10.25,2021.10.31,53,에잇(Prod.&Feat. SUGA of BTS),아이유,에잇,397029
2021,2021.10.25 ~ 2021.10.31,2021.10.25,2021.10.31,54,작은 것들을 위한 시 (Boy With Luv) (Feat. Halsey),방탄소년단,MAP OF THE SOUL : PERSONA,416020
2021,2021.10.25 ~ 2021.10.31,2021.10.25,2021.10.31,55,너는 내 세상이었어,볼빨간사춘기,Butterfly Effect,88950
2021,2021.10.25 ~ 2021.10.31,2021.10.25,2021.10.31,56,그날에 나는 맘이 편했을까,이예준,그날에 나는 맘이 편했을까,106592
2021,2021.10.25 ~ 2021.10.31,2021.10.25,2021.10.31,57,잠이 오질 않네요,장범준,잠이 오질 않네요,174989
2021,2021.10.25 ~ 2021.10.31,2021.10.25,2021.10.31,58,봄날,방탄소년단,YOU NEVER WALK ALONE,509785
2021,2021.10.25 ~ 2021.10.31,2021.10.25,2021.10.31,59,Timeless,SG 워너비,Sg Wanna Be+,137372
2021,2021.10.25 ~ 2021.10.31,2021.10.25,2021.10.31,60,아로하,조정석,슬기로운 의사생활 OST Part 3,265972
2021,2021.10.25 ~ 2021.10.31,2021.10.25,2021.10.31,61,오래된 노래,스탠딩 에그,오래된 노래,291350
2021,2021.10.25 ~ 2021.10.31,2021.10.25,2021.10.31,62,흔들리는 꽃들 속에서 네 샴푸향이 느껴진거야,장범준,멜로가 체질 OST Part 3,320118
2021,2021.10.25 ~ 2021.10.31,2021.10.25,2021.10.31,63,METEOR,창모 (CHANGMO),Boyhood,312715
2021,2021.10.25 ~ 2021.10.31,2021.10.25,2021.10.31,64,그대라는 사치,임영웅,사랑의 콜센타 PART62,45503
2021,2021.10.25 ~ 2021.10.31,2021.10.25,2021.10.31,65,어푸 (Ah puh),아이유,IU 5th Album 'LILAC',142443
2021,2021.10.25 ~ 2021.10.31,2021.10.25,2021.10.31,66,고백,신용재 (2F),마지막 '고백',14196
2021,2021.10.25 ~ 2021.10.31,2021.10.25,2021.10.31,67,운전만해 (We Ride),브레이브걸스,We Ride,137643
2021,2021.10.25 ~ 2021.10.31,2021.10.25,2021.10.31,68,안녕 (Hello),조이 (JOY),안녕 (Hello) - Special Album,145782
2021,2021.10.25 ~ 2021.10.31,2021.10.25,2021.10.31,69,Life Goes On,방탄소년단,BE,245658
2021,2021.10.25 ~ 2021.10.31,2021.10.25,2021.10.31,70,다시 사랑한다면 (김필 Ver.),임영웅,사랑의 콜센타 PART56,54152
2021,2021.10.25 ~ 2021.10.31,2021.10.25,2021.10.31,71,사랑은 언제나 목마르다 (N번째 연애 X 이해리 (다비치)),이해리 (다비치),사랑은 언제나 목마르다 (N번째 연애 X 이해리 (다비치)),20619
2021,2021.10.25 ~ 2021.10.31,2021.10.25,2021.10.31,72,치맛바람 (Chi Mat Ba Ram),브레이브걸스,Summer Queen,96822
2021,2021.10.25 ~ 2021.10.31,2021.10.25,2021.10.31,73,Alcohol-Free,TWICE (트와이스),Taste of Love,98012
2021,2021.10.25 ~ 2021.10.31,2021.10.25,2021.10.31,74,사실 나는 (Feat.전건호),경서예지,사실 나는,106922
2021,2021.10.25 ~ 2021.10.31,2021.10.25,2021.10.31,75,별빛 같은 나의 사랑아,임영웅,별빛 같은 나의 사랑아,82382
2021,2021.10.25 ~ 2021.10.31,2021.10.25,2021.10.31,76,역겹겠지만 (Remember me),B.I,WATERFALL,69440
2021,2021.10.25 ~ 2021.10.31,2021.10.25,2021.10.31,77,너의 번호를 누르고 (Prod. 영화처럼),#안녕,너의 번호를 누르고,156309
2021,2021.10.25 ~ 2021.10.31,2021.10.25,2021.10.31,78,잊었니,임영웅,사랑의 콜센타 PART60,44710
2021,2021.10.25 ~ 2021.10.31,2021.10.25,2021.10.31,79,HERO,임영웅,HERO,78168
2021,2021.10.25 ~ 2021.10.31,2021.10.25,2021.10.31,80,고백,10CM,두 번째 '고백',70336
2021,2021.10.25 ~ 2021.10.31,2021.10.25,2021.10.31,81,상상더하기,라붐 (LABOUM),Fresh Adventure,138016
2021,2021.10.25 ~ 2021.10.31,2021.10.25,2021.10.31,82,"LOVE DAY (2021) (바른연애 길잡이 X 양요섭, 정은지)",양요섭,"LOVE DAY (2021) (바른연애 길잡이 X 양요섭, 정은지)",134401
2021,2021.10.25 ~ 2021.10.31,2021.10.25,2021.10.31,83,너의 모습,정동하,너의 모습,24200
2021,2021.10.25 ~ 2021.10.31,2021.10.25,2021.10.31,84,끝사랑,임영웅,사랑의 콜센타 PART61,41542
2021,2021.10.25 ~ 2021.10.31,2021.10.25,2021.10.31,85,그리워 그리워,이예준,그리워 그리워,22683
2021,2021.10.25 ~ 2021.10.31,2021.10.25,2021.10.31,86,비 오는 날 듣기 좋은 노래 (Feat. Colde),에픽하이 (EPIK HIGH),비 오는 날 듣기 좋은 노래,132062
2021,2021.10.25 ~ 2021.10.31,2021.10.25,2021.10.31,87,Dolphin,오마이걸 (OH MY GIRL),NONSTOP,206777
2021,2021.10.25 ~ 2021.10.31,2021.10.25,2021.10.31,88,Bk Love,임영웅,뽕숭아학당 PART23,38801
2021,2021.10.25 ~ 2021.10.31,2021.10.25,2021.10.31,89,소용돌이,세븐틴 (SEVENTEEN),SEVENTEEN 9th Mini Album 'Attacca',81693
2021,2021.10.25 ~ 2021.10.31,2021.10.25,2021.10.31,90,그래도 사랑이었잖아,거미 (GUMMY),그래도 사랑이었잖아 (감정공유 : 거미),9454
2021,2021.10.25 ~ 2021.10.31,2021.10.25,2021.10.31,91,나를 아는 사람,MSG워너비(정상동기),MSG워너비 1집,70620
2021,2021.10.25 ~ 2021.10.31,2021.10.25,2021.10.31,92,전화 한 번 못하니,신예영,전화 한 번 못하니 (너에게 하고 싶은 말 X 신예영),30583
2021,2021.10.25 ~ 2021.10.31,2021.10.25,2021.10.31,93,Crush,세븐틴 (SEVENTEEN),SEVENTEEN 9th Mini Album 'Attacca',63021
2021,2021.10.25 ~ 2021.10.31,2021.10.25,2021.10.31,94,Sticker,NCT 127,Sticker - The 3rd Album,91001
2021,2021.10.25 ~ 2021.10.31,2021.10.25,2021.10.31,95,매일 그대라서 행복하다,세븐틴 (SEVENTEEN),SEVENTEEN 9th Mini Album 'Attacca',70279
2021,2021.10.25 ~ 2021.10.31,2021.10.25,2021.10.31,96,빨간 립스틱 (Feat. 윤미래),이하이,4 ONLY,32825
2021,2021.10.25 ~ 2021.10.31,2021.10.25,2021.10.31,97,이젠 잊기로 해요 (Drama Ver.),미도와 파라솔,슬기로운 의사생활 시즌2 OST Special,42391
2021,2021.10.25 ~ 2021.10.31,2021.10.25,2021.10.31,98,VVS (Feat. JUSTHIS) (Prod. GroovyRoom),미란이 (MIRANI),쇼미더머니 9 Episode 1,222711
2021,2021.10.25 ~ 2021.10.31,2021.10.25,2021.10.31,99,나랑 같이 걸을래 (바른연애 길잡이 X 적재),적재,나랑 같이 걸을래 (바른연애 길잡이 X 적재),166872
2021,2021.10.25 ~ 2021.10.31,2021.10.25,2021.10.31,100,사랑했던 우리가 어떻게 친구가 되니,송하예,사랑했던 우리가 어떻게 친구가 되니,18267
